user_id,movie_id,movie_title,genre,rating,timestamp
188,8,Joker,Drama,2,2023-12-07 15:14:00
361,10,Interstellar,Sci-Fi,5,2023-12-15 22:26:00
439,2,Titanic,Romance,1,2023-02-09 08:03:00
455,10,Interstellar,Sci-Fi,3,2023-08-21 21:56:00
189,7,Parasite,Thriller,5,2023-12-15 13:13:00
210,1,Inception,Sci-Fi,2,2023-11-24 15:39:00
205,9,The Godfather,Crime,4,2023-10-25 16:34:00
231,4,Forrest Gump,Drama,1,2023-12-18 06:25:00
157,9,The Godfather,Crime,4,2023-02-08 23:51:00
273,4,Forrest Gump,Drama,3,2023-09-18 12:58:00
382,1,Inception,Sci-Fi,2,2023-03-24 13:06:00
494,9,The Godfather,Crime,1,2023-04-25 22:56:00
102,1,Inception,Sci-Fi,3,2023-12-11 10:52:00
26,4,Forrest Gump,Drama,5,2023-05-16 20:11:00
226,7,Parasite,Thriller,5,2023-05-02 13:25:00
36,7,Parasite,Thriller,2,2023-12-11 19:01:00
265,5,The Matrix,Sci-Fi,1,2023-12-03 15:30:00
379,1,Inception,Sci-Fi,5,2023-03-21 15:10:00
59,6,Avengers: Endgame,Action,4,2023-04-01 11:53:00
403,1,Inception,Sci-Fi,1,2023-10-25 19:47:00
93,1,Inception,Sci-Fi,3,2023-08-11 01:42:00
492,6,Avengers: Endgame,Action,3,2023-12-15 09:59:00
291,7,Parasite,Thriller,2,2023-01-10 21:32:00
495,1,Inception,Sci-Fi,3,2023-12-13 20:17:00
400,9,The Godfather,Crime,1,2023-05-10 01:45:00
492,10,Interstellar,Sci-Fi,5,2023-01-06 20:19:00
387,4,Forrest Gump,Drama,3,2023-01-24 14:14:00
214,8,Joker,Drama,2,2023-02-27 20:00:00
444,9,The Godfather,Crime,5,2023-09-07 00:02:00
20,2,Titanic,Romance,5,2023-01-10 22:50:00
386,10,Interstellar,Sci-Fi,3,2023-08-03 23:00:00
243,4,Forrest Gump,Drama,1,2023-02-12 11:18:00
439,8,Joker,Drama,3,2023-04-02 19:22:00
409,7,Parasite,Thriller,5,2023-05-16 03:55:00
322,4,Forrest Gump,Drama,1,2023-10-11 17:11:00
475,9,The Godfather,Crime,3,2023-03-25 17:51:00
455,2,Titanic,Romance,2,2023-12-14 02:23:00
290,6,Avengers: Endgame,Action,5,2023-03-26 07:51:00
51,1,Inception,Sci-Fi,3,2023-02-04 06:11:00
181,1,Inception,Sci-Fi,1,2023-08-28 11:26:00
41,3,The Dark Knight,Action,1,2023-10-01 21:04:00
304,7,Parasite,Thriller,4,2023-05-28 13:35:00
324,4,Forrest Gump,Drama,3,2023-04-23 02:09:00
89,1,Inception,Sci-Fi,2,2023-06-21 00:26:00
42,3,The Dark Knight,Action,4,2023-05-12 13:49:00
326,7,Parasite,Thriller,2,2023-03-26 08:20:00
187,1,Inception,Sci-Fi,1,2023-12-28 04:58:00
109,4,Forrest Gump,Drama,4,2023-12-26 13:16:00
245,6,Avengers: Endgame,Action,5,2023-05-01 20:15:00
116,7,Parasite,Thriller,5,2023-01-23 06:57:00
257,6,Avengers: Endgame,Action,2,2023-12-18 15:15:00
430,8,Joker,Drama,1,2023-05-15 11:55:00
33,6,Avengers: Endgame,Action,4,2023-05-26 12:43:00
470,1,Inception,Sci-Fi,4,2023-02-27 10:54:00
370,10,Interstellar,Sci-Fi,1,2023-07-25 10:27:00
26,4,Forrest Gump,Drama,4,2023-09-25 01:02:00
113,8,Joker,Drama,3,2023-06-15 09:09:00
65,10,Interstellar,Sci-Fi,4,2023-05-06 01:44:00
66,3,The Dark Knight,Action,1,2023-02-18 23:16:00
278,10,Interstellar,Sci-Fi,1,2023-08-06 10:13:00
424,1,Inception,Sci-Fi,2,2023-02-14 17:39:00
203,4,Forrest Gump,Drama,5,2023-03-26 21:25:00
383,1,Inception,Sci-Fi,2,2023-01-10 06:17:00
108,8,Joker,Drama,4,2023-06-20 22:39:00
23,5,The Matrix,Sci-Fi,1,2023-06-08 01:20:00
260,10,Interstellar,Sci-Fi,3,2023-02-14 18:16:00
276,5,The Matrix,Sci-Fi,2,2023-03-17 23:29:00
404,7,Parasite,Thriller,1,2023-11-02 04:37:00
447,5,The Matrix,Sci-Fi,3,2023-09-05 12:48:00
50,8,Joker,Drama,4,2023-02-14 04:09:00
387,8,Joker,Drama,2,2023-01-12 15:24:00
115,5,The Matrix,Sci-Fi,2,2023-08-05 03:44:00
277,4,Forrest Gump,Drama,5,2023-08-13 01:21:00
201,10,Interstellar,Sci-Fi,1,2023-11-25 06:41:00
212,3,The Dark Knight,Action,4,2023-05-18 20:49:00
328,2,Titanic,Romance,3,2023-11-15 16:13:00
372,3,The Dark Knight,Action,4,2023-12-26 11:48:00
121,10,Interstellar,Sci-Fi,1,2023-04-21 06:04:00
461,10,Interstellar,Sci-Fi,1,2023-04-03 08:26:00
280,6,Avengers: Endgame,Action,1,2023-03-16 19:44:00
426,8,Joker,Drama,1,2023-02-19 05:09:00
490,3,The Dark Knight,Action,3,2023-12-26 16:28:00
182,1,Inception,Sci-Fi,1,2023-07-13 20:22:00
490,1,Inception,Sci-Fi,5,2023-05-20 23:11:00
293,6,Avengers: Endgame,Action,4,2023-11-18 10:08:00
79,5,The Matrix,Sci-Fi,4,2023-10-10 08:47:00
271,4,Forrest Gump,Drama,1,2023-04-11 22:51:00
151,7,Parasite,Thriller,5,2023-12-15 10:02:00
408,10,Interstellar,Sci-Fi,2,2023-10-02 05:43:00
24,9,The Godfather,Crime,1,2023-12-24 16:39:00
396,2,Titanic,Romance,3,2023-06-12 03:01:00
496,1,Inception,Sci-Fi,5,2023-09-13 05:19:00
66,9,The Godfather,Crime,3,2023-10-12 14:22:00
180,10,Interstellar,Sci-Fi,2,2023-10-18 22:10:00
188,5,The Matrix,Sci-Fi,4,2023-08-10 20:25:00
488,7,Parasite,Thriller,5,2023-05-07 10:31:00
181,10,Interstellar,Sci-Fi,4,2023-06-23 07:33:00
109,2,Titanic,Romance,5,2023-03-25 14:26:00
277,5,The Matrix,Sci-Fi,5,2023-05-24 01:22:00
364,2,Titanic,Romance,3,2023-03-23 09:43:00
209,8,Joker,Drama,5,2023-06-10 22:18:00
141,7,Parasite,Thriller,5,2023-03-27 06:38:00
244,7,Parasite,Thriller,4,2023-10-08 07:24:00
73,1,Inception,Sci-Fi,3,2023-09-27 08:24:00
156,9,The Godfather,Crime,5,2023-06-25 04:48:00
148,5,The Matrix,Sci-Fi,1,2023-10-03 09:24:00
378,9,The Godfather,Crime,2,2023-04-02 13:11:00
379,7,Parasite,Thriller,1,2023-03-10 06:12:00
130,1,Inception,Sci-Fi,2,2023-11-08 09:16:00
221,5,The Matrix,Sci-Fi,5,2023-10-01 14:16:00
451,8,Joker,Drama,2,2023-11-23 15:52:00
398,5,The Matrix,Sci-Fi,4,2023-05-23 03:31:00
178,3,The Dark Knight,Action,3,2023-03-22 20:38:00
231,4,Forrest Gump,Drama,2,2023-12-09 15:29:00
84,10,Interstellar,Sci-Fi,5,2023-07-12 11:17:00
189,7,Parasite,Thriller,2,2023-10-23 23:01:00
5,10,Interstellar,Sci-Fi,3,2023-01-14 20:16:00
265,3,The Dark Knight,Action,2,2023-06-03 12:20:00
75,3,The Dark Knight,Action,3,2023-09-03 17:44:00
345,2,Titanic,Romance,4,2023-07-25 06:44:00
155,5,The Matrix,Sci-Fi,1,2023-09-27 02:22:00
261,6,Avengers: Endgame,Action,4,2023-01-10 07:35:00
114,10,Interstellar,Sci-Fi,3,2023-02-27 03:30:00
253,5,The Matrix,Sci-Fi,1,2023-03-08 19:36:00
60,2,Titanic,Romance,5,2023-04-23 06:20:00
312,6,Avengers: Endgame,Action,2,2023-06-16 01:45:00
180,2,Titanic,Romance,2,2023-04-07 22:54:00
89,2,Titanic,Romance,4,2023-08-25 16:32:00
329,3,The Dark Knight,Action,3,2023-08-12 01:57:00
451,2,Titanic,Romance,1,2023-07-19 05:43:00
283,4,Forrest Gump,Drama,3,2023-02-22 11:03:00
44,6,Avengers: Endgame,Action,5,2023-09-23 11:02:00
379,1,Inception,Sci-Fi,5,2023-09-21 08:35:00
11,3,The Dark Knight,Action,3,2023-03-03 01:47:00
363,2,Titanic,Romance,2,2023-02-09 13:29:00
487,9,The Godfather,Crime,2,2023-03-12 17:42:00
368,1,Inception,Sci-Fi,3,2023-08-23 20:59:00
173,6,Avengers: Endgame,Action,3,2023-02-20 01:22:00
488,3,The Dark Knight,Action,3,2023-02-24 14:30:00
83,9,The Godfather,Crime,2,2023-06-11 22:10:00
404,6,Avengers: Endgame,Action,5,2023-01-20 11:18:00
76,2,Titanic,Romance,3,2023-08-15 19:56:00
499,2,Titanic,Romance,4,2023-10-01 01:01:00
97,1,Inception,Sci-Fi,1,2023-05-05 21:04:00
176,2,Titanic,Romance,2,2023-05-26 19:13:00
290,4,Forrest Gump,Drama,4,2023-04-02 22:59:00
42,2,Titanic,Romance,4,2023-09-09 01:28:00
222,10,Interstellar,Sci-Fi,4,2023-05-01 22:55:00
134,6,Avengers: Endgame,Action,5,2023-06-22 07:43:00
248,3,The Dark Knight,Action,2,2023-05-05 23:57:00
429,2,Titanic,Romance,4,2023-01-01 20:49:00
15,1,Inception,Sci-Fi,4,2023-04-05 10:39:00
383,1,Inception,Sci-Fi,4,2023-06-08 14:45:00
310,3,The Dark Knight,Action,2,2023-09-22 23:53:00
358,6,Avengers: Endgame,Action,5,2023-03-20 05:12:00
275,2,Titanic,Romance,2,2023-06-24 14:00:00
266,8,Joker,Drama,3,2023-07-03 15:05:00
27,5,The Matrix,Sci-Fi,3,2023-09-07 04:55:00
14,7,Parasite,Thriller,4,2023-05-18 04:02:00
20,4,Forrest Gump,Drama,3,2023-05-22 18:18:00
219,2,Titanic,Romance,3,2023-08-06 09:34:00
379,7,Parasite,Thriller,5,2023-03-26 08:14:00
69,5,The Matrix,Sci-Fi,3,2023-05-22 20:30:00
243,6,Avengers: Endgame,Action,2,2023-12-05 06:11:00
479,9,The Godfather,Crime,1,2023-08-14 16:37:00
107,1,Inception,Sci-Fi,3,2023-01-17 12:25:00
147,7,Parasite,Thriller,4,2023-09-07 05:58:00
3,1,Inception,Sci-Fi,1,2023-02-03 14:38:00
328,5,The Matrix,Sci-Fi,2,2023-04-25 22:29:00
188,2,Titanic,Romance,4,2023-05-22 23:01:00
271,7,Parasite,Thriller,4,2023-03-07 22:30:00
399,1,Inception,Sci-Fi,1,2023-01-02 15:54:00
105,2,Titanic,Romance,5,2023-01-20 15:35:00
153,9,The Godfather,Crime,2,2023-07-03 19:41:00
331,8,Joker,Drama,2,2023-06-21 21:52:00
220,10,Interstellar,Sci-Fi,5,2023-09-26 08:13:00
108,5,The Matrix,Sci-Fi,1,2023-05-04 12:52:00
119,3,The Dark Knight,Action,3,2023-07-23 19:08:00
39,8,Joker,Drama,2,2023-04-08 00:01:00
270,7,Parasite,Thriller,4,2023-03-16 23:46:00
424,10,Interstellar,Sci-Fi,3,2023-04-18 12:32:00
172,1,Inception,Sci-Fi,2,2023-10-25 11:13:00
179,1,Inception,Sci-Fi,5,2023-07-06 16:46:00
488,10,Interstellar,Sci-Fi,2,2023-05-09 03:33:00
346,9,The Godfather,Crime,1,2023-02-18 21:06:00
238,3,The Dark Knight,Action,1,2023-08-11 16:18:00
54,1,Inception,Sci-Fi,4,2023-05-12 07:19:00
72,7,Parasite,Thriller,4,2023-07-23 06:51:00
24,4,Forrest Gump,Drama,3,2023-05-26 14:39:00
323,5,The Matrix,Sci-Fi,2,2023-01-21 05:44:00
476,9,The Godfather,Crime,3,2023-08-01 20:29:00
66,10,Interstellar,Sci-Fi,1,2023-02-10 16:35:00
445,9,The Godfather,Crime,3,2023-01-01 05:03:00
37,10,Interstellar,Sci-Fi,4,2023-11-10 13:00:00
128,1,Inception,Sci-Fi,2,2023-09-10 01:20:00
203,8,Joker,Drama,1,2023-01-16 09:46:00
219,3,The Dark Knight,Action,2,2023-12-14 04:24:00
398,3,The Dark Knight,Action,1,2023-07-04 07:52:00
287,4,Forrest Gump,Drama,5,2023-08-14 01:57:00
337,10,Interstellar,Sci-Fi,5,2023-04-14 04:20:00
356,1,Inception,Sci-Fi,3,2023-08-20 00:14:00
403,3,The Dark Knight,Action,5,2023-06-26 23:20:00
79,6,Avengers: Endgame,Action,1,2023-09-22 07:59:00
416,9,The Godfather,Crime,1,2023-02-27 05:32:00
60,9,The Godfather,Crime,5,2023-11-20 21:13:00
388,7,Parasite,Thriller,4,2023-09-05 09:42:00
281,9,The Godfather,Crime,5,2023-12-03 11:03:00
313,4,Forrest Gump,Drama,2,2023-12-21 22:07:00
282,5,The Matrix,Sci-Fi,3,2023-11-16 02:31:00
117,8,Joker,Drama,5,2023-01-04 17:52:00
418,3,The Dark Knight,Action,2,2023-02-09 20:36:00
101,4,Forrest Gump,Drama,3,2023-07-08 18:24:00
440,5,The Matrix,Sci-Fi,3,2023-02-28 04:15:00
430,5,The Matrix,Sci-Fi,2,2023-04-18 03:14:00
22,1,Inception,Sci-Fi,3,2023-05-08 00:44:00
413,5,The Matrix,Sci-Fi,1,2023-01-09 00:02:00
352,10,Interstellar,Sci-Fi,4,2023-11-10 19:45:00
370,7,Parasite,Thriller,5,2023-06-13 15:16:00
107,5,The Matrix,Sci-Fi,3,2023-04-13 22:07:00
462,9,The Godfather,Crime,4,2023-02-04 00:07:00
25,5,The Matrix,Sci-Fi,4,2023-04-19 03:02:00
14,2,Titanic,Romance,2,2023-01-18 18:55:00
491,7,Parasite,Thriller,2,2023-09-21 04:24:00
57,2,Titanic,Romance,1,2023-05-13 17:34:00
86,8,Joker,Drama,3,2023-03-04 00:48:00
188,10,Interstellar,Sci-Fi,3,2023-09-11 00:42:00
444,7,Parasite,Thriller,2,2023-08-13 22:24:00
331,1,Inception,Sci-Fi,2,2023-09-11 02:56:00
19,1,Inception,Sci-Fi,5,2023-10-14 03:22:00
179,6,Avengers: Endgame,Action,1,2023-01-15 21:21:00
173,4,Forrest Gump,Drama,5,2023-04-06 17:57:00
370,6,Avengers: Endgame,Action,4,2023-06-23 22:05:00
95,4,Forrest Gump,Drama,4,2023-12-04 07:03:00
390,9,The Godfather,Crime,1,2023-03-18 04:10:00
345,3,The Dark Knight,Action,2,2023-08-08 17:48:00
184,1,Inception,Sci-Fi,1,2023-04-02 14:32:00
451,8,Joker,Drama,4,2023-05-15 15:20:00
432,5,The Matrix,Sci-Fi,3,2023-12-03 18:29:00
279,4,Forrest Gump,Drama,3,2023-11-04 23:18:00
319,3,The Dark Knight,Action,4,2023-04-11 21:04:00
385,9,The Godfather,Crime,2,2023-11-08 22:10:00
321,3,The Dark Knight,Action,4,2023-02-26 00:28:00
177,7,Parasite,Thriller,3,2023-10-28 21:52:00
89,5,The Matrix,Sci-Fi,1,2023-11-12 21:29:00
421,9,The Godfather,Crime,1,2023-12-10 18:12:00
5,7,Parasite,Thriller,4,2023-10-21 09:06:00
31,4,Forrest Gump,Drama,4,2023-01-19 00:04:00
235,9,The Godfather,Crime,4,2023-11-04 22:37:00
443,8,Joker,Drama,4,2023-08-17 20:37:00
189,2,Titanic,Romance,2,2023-03-20 22:35:00
450,3,The Dark Knight,Action,3,2023-01-13 14:11:00
270,4,Forrest Gump,Drama,4,2023-11-15 02:53:00
484,3,The Dark Knight,Action,2,2023-12-07 20:05:00
327,9,The Godfather,Crime,1,2023-01-25 03:26:00
300,9,The Godfather,Crime,2,2023-07-12 00:39:00
78,7,Parasite,Thriller,1,2023-11-04 06:02:00
209,3,The Dark Knight,Action,1,2023-02-12 10:05:00
176,2,Titanic,Romance,3,2023-02-25 00:16:00
72,2,Titanic,Romance,1,2023-04-16 06:16:00
402,7,Parasite,Thriller,2,2023-03-14 21:54:00
383,6,Avengers: Endgame,Action,3,2023-07-17 08:55:00
479,8,Joker,Drama,1,2023-10-12 18:10:00
204,6,Avengers: Endgame,Action,1,2023-07-28 19:24:00
308,5,The Matrix,Sci-Fi,1,2023-03-16 11:13:00
228,3,The Dark Knight,Action,2,2023-11-27 07:28:00
399,8,Joker,Drama,1,2023-05-18 20:31:00
457,10,Interstellar,Sci-Fi,3,2023-12-08 10:06:00
480,1,Inception,Sci-Fi,4,2023-09-14 09:45:00
87,5,The Matrix,Sci-Fi,3,2023-03-07 00:22:00
135,4,Forrest Gump,Drama,3,2023-07-27 20:14:00
359,7,Parasite,Thriller,1,2023-08-11 06:58:00
233,7,Parasite,Thriller,5,2023-08-22 21:19:00
354,6,Avengers: Endgame,Action,3,2023-05-14 11:48:00
42,10,Interstellar,Sci-Fi,3,2023-03-02 21:57:00
143,3,The Dark Knight,Action,1,2023-04-27 18:45:00
310,9,The Godfather,Crime,2,2023-11-11 09:32:00
480,2,Titanic,Romance,5,2023-09-04 21:13:00
479,9,The Godfather,Crime,1,2023-06-02 22:20:00
447,5,The Matrix,Sci-Fi,5,2023-12-03 21:26:00
202,4,Forrest Gump,Drama,3,2023-06-16 08:04:00
465,7,Parasite,Thriller,4,2023-02-01 04:04:00
490,2,Titanic,Romance,5,2023-08-22 18:41:00
318,7,Parasite,Thriller,3,2023-02-22 21:38:00
281,4,Forrest Gump,Drama,2,2023-03-16 16:05:00
37,10,Interstellar,Sci-Fi,5,2023-01-13 01:35:00
439,3,The Dark Knight,Action,4,2023-02-22 13:40:00
63,2,Titanic,Romance,1,2023-11-25 23:29:00
36,5,The Matrix,Sci-Fi,4,2023-04-26 01:07:00
95,6,Avengers: Endgame,Action,5,2023-02-14 16:45:00
21,7,Parasite,Thriller,1,2023-01-23 10:03:00
121,2,Titanic,Romance,2,2023-06-06 05:50:00
162,5,The Matrix,Sci-Fi,5,2023-02-16 23:14:00
414,5,The Matrix,Sci-Fi,5,2023-08-17 15:54:00
92,7,Parasite,Thriller,5,2023-12-07 16:34:00
312,1,Inception,Sci-Fi,4,2023-02-26 17:54:00
454,1,Inception,Sci-Fi,4,2023-07-11 22:23:00
476,1,Inception,Sci-Fi,5,2023-02-05 00:49:00
318,4,Forrest Gump,Drama,2,2023-04-19 02:06:00
440,6,Avengers: Endgame,Action,1,2023-05-25 14:51:00
148,3,The Dark Knight,Action,4,2023-08-06 06:41:00
210,7,Parasite,Thriller,3,2023-09-06 08:09:00
279,8,Joker,Drama,3,2023-11-15 12:24:00
1,8,Joker,Drama,4,2023-06-27 10:22:00
27,8,Joker,Drama,3,2023-11-24 13:25:00
302,9,The Godfather,Crime,2,2023-01-04 03:11:00
447,2,Titanic,Romance,2,2023-04-19 17:59:00
363,5,The Matrix,Sci-Fi,5,2023-12-28 15:40:00
464,2,Titanic,Romance,5,2023-04-06 17:46:00
146,10,Interstellar,Sci-Fi,4,2023-10-08 23:01:00
181,6,Avengers: Endgame,Action,1,2023-08-14 09:53:00
462,5,The Matrix,Sci-Fi,1,2023-01-03 09:32:00
3,7,Parasite,Thriller,5,2023-07-14 07:32:00
271,5,The Matrix,Sci-Fi,3,2023-03-05 13:51:00
201,8,Joker,Drama,2,2023-09-26 09:41:00
76,1,Inception,Sci-Fi,1,2023-04-06 13:57:00
461,2,Titanic,Romance,1,2023-10-18 03:17:00
71,7,Parasite,Thriller,1,2023-05-26 01:21:00
67,7,Parasite,Thriller,3,2023-12-07 22:07:00
428,1,Inception,Sci-Fi,3,2023-07-08 14:58:00
484,3,The Dark Knight,Action,1,2023-05-02 02:22:00
164,10,Interstellar,Sci-Fi,2,2023-04-13 15:04:00
252,5,The Matrix,Sci-Fi,3,2023-08-01 02:20:00
132,1,Inception,Sci-Fi,2,2023-02-12 23:22:00
426,10,Interstellar,Sci-Fi,1,2023-05-09 07:52:00
120,5,The Matrix,Sci-Fi,3,2023-12-23 10:38:00
239,5,The Matrix,Sci-Fi,4,2023-05-06 01:25:00
271,3,The Dark Knight,Action,5,2023-01-26 14:06:00
359,1,Inception,Sci-Fi,5,2023-08-16 15:01:00
420,6,Avengers: Endgame,Action,5,2023-11-07 21:08:00
399,10,Interstellar,Sci-Fi,5,2023-11-21 02:36:00
88,8,Joker,Drama,3,2023-06-04 04:09:00
473,5,The Matrix,Sci-Fi,1,2023-09-25 15:05:00
181,2,Titanic,Romance,5,2023-02-19 14:39:00
229,1,Inception,Sci-Fi,5,2023-08-21 20:04:00
49,7,Parasite,Thriller,5,2023-03-21 20:18:00
314,1,Inception,Sci-Fi,4,2023-05-04 20:13:00
469,5,The Matrix,Sci-Fi,1,2023-09-02 22:31:00
405,5,The Matrix,Sci-Fi,4,2023-10-14 18:22:00
347,6,Avengers: Endgame,Action,1,2023-12-28 14:03:00
397,10,Interstellar,Sci-Fi,1,2023-03-28 21:18:00
452,9,The Godfather,Crime,2,2023-08-05 22:49:00
325,5,The Matrix,Sci-Fi,1,2023-06-16 04:05:00
316,6,Avengers: Endgame,Action,1,2023-08-02 16:19:00
340,10,Interstellar,Sci-Fi,2,2023-05-14 17:55:00
492,2,Titanic,Romance,3,2023-09-16 17:11:00
381,9,The Godfather,Crime,4,2023-01-04 05:47:00
370,8,Joker,Drama,3,2023-07-10 18:32:00
28,8,Joker,Drama,3,2023-01-01 05:48:00
373,9,The Godfather,Crime,5,2023-10-18 15:39:00
91,5,The Matrix,Sci-Fi,1,2023-09-05 07:13:00
136,4,Forrest Gump,Drama,4,2023-06-26 15:15:00
27,10,Interstellar,Sci-Fi,3,2023-10-05 19:52:00
260,9,The Godfather,Crime,1,2023-07-05 17:34:00
356,6,Avengers: Endgame,Action,2,2023-06-21 02:56:00
92,4,Forrest Gump,Drama,1,2023-09-11 10:28:00
144,9,The Godfather,Crime,5,2023-06-03 14:15:00
340,9,The Godfather,Crime,3,2023-03-03 21:35:00
377,10,Interstellar,Sci-Fi,3,2023-01-09 09:00:00
394,8,Joker,Drama,3,2023-06-12 10:25:00
443,2,Titanic,Romance,3,2023-03-15 10:16:00
481,4,Forrest Gump,Drama,5,2023-09-21 07:15:00
329,10,Interstellar,Sci-Fi,4,2023-05-10 17:46:00
132,10,Interstellar,Sci-Fi,3,2023-10-12 01:44:00
28,3,The Dark Knight,Action,1,2023-06-23 21:19:00
381,5,The Matrix,Sci-Fi,2,2023-08-19 00:47:00
313,4,Forrest Gump,Drama,1,2023-12-01 05:36:00
430,7,Parasite,Thriller,2,2023-07-20 21:33:00
465,8,Joker,Drama,3,2023-05-10 15:18:00
146,3,The Dark Knight,Action,4,2023-07-24 16:24:00
14,1,Inception,Sci-Fi,1,2023-01-16 05:32:00
196,7,Parasite,Thriller,1,2023-07-05 20:00:00
323,9,The Godfather,Crime,2,2023-05-26 02:07:00
377,5,The Matrix,Sci-Fi,2,2023-07-25 08:47:00
403,10,Interstellar,Sci-Fi,3,2023-10-26 03:34:00
495,8,Joker,Drama,5,2023-11-23 17:01:00
224,9,The Godfather,Crime,3,2023-11-23 14:27:00
169,10,Interstellar,Sci-Fi,1,2023-04-19 06:44:00
324,7,Parasite,Thriller,1,2023-09-24 00:49:00
170,9,The Godfather,Crime,1,2023-12-01 23:37:00
400,10,Interstellar,Sci-Fi,3,2023-03-26 07:24:00
220,3,The Dark Knight,Action,5,2023-07-07 17:41:00
109,7,Parasite,Thriller,3,2023-03-15 05:53:00
104,10,Interstellar,Sci-Fi,1,2023-06-27 19:01:00
189,10,Interstellar,Sci-Fi,3,2023-12-01 13:26:00
147,8,Joker,Drama,2,2023-12-25 09:56:00
118,1,Inception,Sci-Fi,4,2023-06-06 05:35:00
470,4,Forrest Gump,Drama,4,2023-12-16 16:51:00
492,9,The Godfather,Crime,4,2023-07-19 09:43:00
130,5,The Matrix,Sci-Fi,5,2023-07-10 17:12:00
381,9,The Godfather,Crime,3,2023-06-20 23:20:00
345,9,The Godfather,Crime,4,2023-09-18 04:54:00
492,6,Avengers: Endgame,Action,4,2023-02-02 18:51:00
321,9,The Godfather,Crime,5,2023-03-19 21:47:00
27,3,The Dark Knight,Action,1,2023-11-01 03:12:00
360,10,Interstellar,Sci-Fi,2,2023-03-05 10:15:00
72,10,Interstellar,Sci-Fi,4,2023-06-24 19:15:00
354,4,Forrest Gump,Drama,1,2023-02-26 22:38:00
43,1,Inception,Sci-Fi,4,2023-06-19 19:14:00
500,5,The Matrix,Sci-Fi,5,2023-01-19 15:51:00
183,8,Joker,Drama,4,2023-07-21 14:38:00
424,3,The Dark Knight,Action,2,2023-09-28 14:58:00
309,7,Parasite,Thriller,1,2023-08-20 22:46:00
455,1,Inception,Sci-Fi,5,2023-06-13 10:39:00
4,1,Inception,Sci-Fi,3,2023-03-25 00:22:00
259,5,The Matrix,Sci-Fi,2,2023-01-01 16:36:00
175,2,Titanic,Romance,4,2023-05-16 00:48:00
368,8,Joker,Drama,4,2023-04-07 16:58:00
495,7,Parasite,Thriller,4,2023-09-25 00:59:00
220,3,The Dark Knight,Action,2,2023-08-05 10:43:00
153,7,Parasite,Thriller,2,2023-03-17 04:23:00
269,8,Joker,Drama,5,2023-10-11 16:29:00
372,9,The Godfather,Crime,5,2023-07-12 20:38:00
438,1,Inception,Sci-Fi,1,2023-08-21 15:14:00
205,8,Joker,Drama,3,2023-04-15 18:55:00
42,2,Titanic,Romance,2,2023-09-20 04:50:00
95,2,Titanic,Romance,1,2023-06-22 05:24:00
414,8,Joker,Drama,3,2023-10-13 03:24:00
92,3,The Dark Knight,Action,5,2023-10-07 10:24:00
378,10,Interstellar,Sci-Fi,2,2023-07-18 12:51:00
210,4,Forrest Gump,Drama,1,2023-05-24 17:55:00
176,6,Avengers: Endgame,Action,4,2023-11-26 08:26:00
412,2,Titanic,Romance,3,2023-04-06 13:36:00
40,7,Parasite,Thriller,3,2023-02-23 02:40:00
380,6,Avengers: Endgame,Action,3,2023-03-27 05:18:00
391,4,Forrest Gump,Drama,2,2023-11-09 17:28:00
483,8,Joker,Drama,4,2023-05-17 18:55:00
53,4,Forrest Gump,Drama,1,2023-03-11 13:22:00
201,6,Avengers: Endgame,Action,4,2023-08-28 13:53:00
10,7,Parasite,Thriller,4,2023-09-15 07:11:00
171,4,Forrest Gump,Drama,4,2023-04-04 20:25:00
269,9,The Godfather,Crime,3,2023-09-06 20:12:00
253,1,Inception,Sci-Fi,5,2023-02-10 10:51:00
200,3,The Dark Knight,Action,2,2023-05-20 14:15:00
337,1,Inception,Sci-Fi,2,2023-04-07 05:43:00
259,5,The Matrix,Sci-Fi,5,2023-04-26 20:56:00
114,4,Forrest Gump,Drama,5,2023-07-27 14:07:00
434,3,The Dark Knight,Action,5,2023-09-25 04:16:00
124,10,Interstellar,Sci-Fi,5,2023-08-12 20:28:00
422,6,Avengers: Endgame,Action,3,2023-05-08 22:59:00
96,4,Forrest Gump,Drama,5,2023-01-27 18:21:00
315,6,Avengers: Endgame,Action,5,2023-05-15 04:21:00
78,2,Titanic,Romance,4,2023-07-23 02:07:00
139,5,The Matrix,Sci-Fi,2,2023-05-17 04:02:00
46,1,Inception,Sci-Fi,2,2023-06-26 06:36:00
150,1,Inception,Sci-Fi,4,2023-01-21 21:38:00
458,7,Parasite,Thriller,3,2023-08-08 23:11:00
86,5,The Matrix,Sci-Fi,5,2023-10-11 04:48:00
213,8,Joker,Drama,4,2023-10-10 08:05:00
35,3,The Dark Knight,Action,4,2023-08-15 03:39:00
348,5,The Matrix,Sci-Fi,1,2023-04-22 12:35:00
96,4,Forrest Gump,Drama,2,2023-12-16 17:16:00
202,9,The Godfather,Crime,4,2023-03-09 20:25:00
72,6,Avengers: Endgame,Action,4,2023-02-18 11:24:00
283,5,The Matrix,Sci-Fi,3,2023-08-20 16:27:00
28,10,Interstellar,Sci-Fi,3,2023-08-09 09:44:00
287,6,Avengers: Endgame,Action,1,2023-09-19 05:52:00
317,4,Forrest Gump,Drama,5,2023-04-07 09:29:00
1,7,Parasite,Thriller,1,2023-02-22 02:44:00
481,7,Parasite,Thriller,4,2023-08-01 12:58:00
112,8,Joker,Drama,4,2023-07-09 21:21:00
86,3,The Dark Knight,Action,4,2023-10-08 17:54:00
96,2,Titanic,Romance,5,2023-09-04 11:47:00
461,4,Forrest Gump,Drama,1,2023-02-11 23:50:00
118,4,Forrest Gump,Drama,5,2023-11-27 08:57:00
484,10,Interstellar,Sci-Fi,5,2023-11-02 16:33:00
387,3,The Dark Knight,Action,4,2023-12-01 16:16:00
84,3,The Dark Knight,Action,5,2023-01-25 11:33:00
162,10,Interstellar,Sci-Fi,3,2023-10-14 00:36:00
285,8,Joker,Drama,3,2023-06-03 04:35:00
306,5,The Matrix,Sci-Fi,2,2023-05-15 00:14:00
332,2,Titanic,Romance,5,2023-06-06 20:33:00
482,9,The Godfather,Crime,4,2023-12-15 08:29:00
425,9,The Godfather,Crime,1,2023-09-15 06:02:00
147,2,Titanic,Romance,1,2023-11-05 20:00:00
47,3,The Dark Knight,Action,5,2023-06-04 10:36:00
407,9,The Godfather,Crime,3,2023-12-20 02:27:00
396,5,The Matrix,Sci-Fi,3,2023-05-16 15:26:00
499,1,Inception,Sci-Fi,4,2023-01-11 18:18:00
208,1,Inception,Sci-Fi,1,2023-08-26 10:15:00
363,7,Parasite,Thriller,3,2023-06-25 01:09:00
422,10,Interstellar,Sci-Fi,3,2023-11-12 23:13:00
403,6,Avengers: Endgame,Action,5,2023-12-03 08:36:00
84,2,Titanic,Romance,2,2023-01-24 03:12:00
128,10,Interstellar,Sci-Fi,1,2023-12-18 20:28:00
120,2,Titanic,Romance,4,2023-09-17 15:47:00
97,4,Forrest Gump,Drama,3,2023-05-20 00:25:00
231,7,Parasite,Thriller,4,2023-12-03 13:16:00
35,6,Avengers: Endgame,Action,3,2023-11-12 14:09:00
353,10,Interstellar,Sci-Fi,2,2023-06-17 20:42:00
117,2,Titanic,Romance,2,2023-07-06 03:39:00
262,10,Interstellar,Sci-Fi,2,2023-02-23 19:32:00
315,9,The Godfather,Crime,5,2023-01-01 21:49:00
227,5,The Matrix,Sci-Fi,2,2023-06-13 20:09:00
240,8,Joker,Drama,2,2023-07-19 16:06:00
496,5,The Matrix,Sci-Fi,4,2023-03-12 23:01:00
428,6,Avengers: Endgame,Action,2,2023-08-14 15:43:00
101,8,Joker,Drama,5,2023-06-19 13:06:00
156,2,Titanic,Romance,1,2023-06-24 18:12:00
120,6,Avengers: Endgame,Action,3,2023-02-07 03:18:00
285,7,Parasite,Thriller,5,2023-02-24 01:28:00
169,9,The Godfather,Crime,3,2023-06-13 20:29:00
487,1,Inception,Sci-Fi,1,2023-08-02 03:14:00
128,1,Inception,Sci-Fi,2,2023-01-05 01:12:00
406,4,Forrest Gump,Drama,5,2023-04-25 14:21:00
90,1,Inception,Sci-Fi,1,2023-04-25 22:14:00
243,5,The Matrix,Sci-Fi,5,2023-10-19 20:38:00
188,10,Interstellar,Sci-Fi,4,2023-01-13 10:16:00
72,3,The Dark Knight,Action,4,2023-02-10 10:01:00
364,4,Forrest Gump,Drama,4,2023-02-14 23:38:00
17,2,Titanic,Romance,5,2023-07-08 23:09:00
12,1,Inception,Sci-Fi,3,2023-04-16 11:44:00
380,2,Titanic,Romance,5,2023-05-19 08:12:00
44,1,Inception,Sci-Fi,5,2023-06-16 12:23:00
15,1,Inception,Sci-Fi,4,2023-02-20 12:42:00
50,5,The Matrix,Sci-Fi,5,2023-03-13 11:10:00
298,9,The Godfather,Crime,4,2023-11-15 12:30:00
128,3,The Dark Knight,Action,3,2023-01-15 21:03:00
166,6,Avengers: Endgame,Action,2,2023-12-20 06:48:00
378,5,The Matrix,Sci-Fi,1,2023-08-08 16:27:00
100,5,The Matrix,Sci-Fi,5,2023-05-12 10:25:00
131,7,Parasite,Thriller,3,2023-05-18 18:18:00
78,2,Titanic,Romance,5,2023-10-08 19:43:00
370,8,Joker,Drama,3,2023-07-08 11:31:00
253,10,Interstellar,Sci-Fi,2,2023-04-08 08:09:00
11,8,Joker,Drama,4,2023-12-09 23:02:00
50,7,Parasite,Thriller,3,2023-04-20 19:01:00
137,9,The Godfather,Crime,4,2023-09-09 06:15:00
417,9,The Godfather,Crime,1,2023-09-21 17:01:00
146,10,Interstellar,Sci-Fi,2,2023-10-13 13:17:00
88,5,The Matrix,Sci-Fi,2,2023-04-27 10:37:00
336,7,Parasite,Thriller,5,2023-01-08 16:48:00
52,8,Joker,Drama,3,2023-02-28 19:04:00
196,5,The Matrix,Sci-Fi,3,2023-06-28 06:05:00
355,1,Inception,Sci-Fi,3,2023-11-26 03:14:00
353,4,Forrest Gump,Drama,5,2023-09-09 11:47:00
124,10,Interstellar,Sci-Fi,5,2023-05-13 14:47:00
105,5,The Matrix,Sci-Fi,5,2023-01-09 13:11:00
88,2,Titanic,Romance,4,2023-03-04 10:05:00
158,6,Avengers: Endgame,Action,3,2023-10-08 01:08:00
430,9,The Godfather,Crime,3,2023-08-27 12:47:00
457,9,The Godfather,Crime,1,2023-12-23 00:43:00
36,1,Inception,Sci-Fi,3,2023-09-01 23:43:00
216,8,Joker,Drama,2,2023-04-21 21:26:00
210,6,Avengers: Endgame,Action,4,2023-07-11 02:55:00
309,4,Forrest Gump,Drama,4,2023-11-26 13:08:00
421,1,Inception,Sci-Fi,2,2023-09-22 15:11:00
280,8,Joker,Drama,3,2023-11-20 16:43:00
414,4,Forrest Gump,Drama,3,2023-08-23 14:56:00
140,2,Titanic,Romance,1,2023-10-21 17:55:00
453,3,The Dark Knight,Action,5,2023-01-07 00:48:00
50,9,The Godfather,Crime,5,2023-12-27 11:26:00
457,4,Forrest Gump,Drama,5,2023-07-19 11:55:00
301,3,The Dark Knight,Action,1,2023-04-23 19:46:00
265,1,Inception,Sci-Fi,1,2023-05-10 02:26:00
112,3,The Dark Knight,Action,3,2023-10-10 12:53:00
126,7,Parasite,Thriller,1,2023-02-19 17:54:00
441,8,Joker,Drama,3,2023-02-06 08:02:00
17,4,Forrest Gump,Drama,5,2023-05-09 09:13:00
44,8,Joker,Drama,5,2023-10-20 10:02:00
267,4,Forrest Gump,Drama,1,2023-07-13 16:34:00
18,7,Parasite,Thriller,1,2023-04-27 07:56:00
141,4,Forrest Gump,Drama,1,2023-05-21 05:49:00
184,6,Avengers: Endgame,Action,3,2023-02-22 06:05:00
273,1,Inception,Sci-Fi,2,2023-02-28 13:45:00
406,2,Titanic,Romance,4,2023-06-08 22:30:00
380,6,Avengers: Endgame,Action,4,2023-03-06 17:16:00
296,2,Titanic,Romance,2,2023-12-04 21:54:00
121,8,Joker,Drama,5,2023-07-05 20:36:00
140,7,Parasite,Thriller,4,2023-05-21 17:14:00
418,7,Parasite,Thriller,4,2023-08-26 18:51:00
184,7,Parasite,Thriller,3,2023-11-07 06:36:00
36,10,Interstellar,Sci-Fi,3,2023-11-25 13:39:00
258,2,Titanic,Romance,3,2023-11-28 14:54:00
247,4,Forrest Gump,Drama,4,2023-09-07 20:53:00
321,1,Inception,Sci-Fi,4,2023-10-13 10:39:00
249,2,Titanic,Romance,5,2023-09-07 01:41:00
31,1,Inception,Sci-Fi,4,2023-08-17 22:35:00
118,9,The Godfather,Crime,1,2023-08-04 12:53:00
269,9,The Godfather,Crime,4,2023-11-20 10:44:00
305,10,Interstellar,Sci-Fi,5,2023-05-27 19:39:00
34,7,Parasite,Thriller,4,2023-10-08 01:46:00
304,8,Joker,Drama,3,2023-05-17 14:13:00
360,10,Interstellar,Sci-Fi,2,2023-04-04 04:09:00
324,6,Avengers: Endgame,Action,4,2023-11-15 17:59:00
4,3,The Dark Knight,Action,4,2023-01-15 05:38:00
158,9,The Godfather,Crime,1,2023-02-13 15:05:00
74,4,Forrest Gump,Drama,1,2023-05-01 02:30:00
211,9,The Godfather,Crime,5,2023-04-17 03:38:00
357,6,Avengers: Endgame,Action,5,2023-01-03 18:20:00
379,3,The Dark Knight,Action,5,2023-10-03 23:28:00
156,8,Joker,Drama,3,2023-06-26 15:25:00
288,4,Forrest Gump,Drama,2,2023-08-03 19:27:00
476,7,Parasite,Thriller,1,2023-04-20 05:20:00
235,4,Forrest Gump,Drama,4,2023-04-14 12:26:00
413,7,Parasite,Thriller,5,2023-01-28 01:31:00
304,4,Forrest Gump,Drama,4,2023-08-14 22:54:00
272,10,Interstellar,Sci-Fi,1,2023-05-26 14:03:00
166,7,Parasite,Thriller,5,2023-08-16 17:14:00
221,6,Avengers: Endgame,Action,4,2023-11-16 22:52:00
483,8,Joker,Drama,2,2023-08-20 14:47:00
453,4,Forrest Gump,Drama,5,2023-09-12 00:25:00
326,3,The Dark Knight,Action,3,2023-01-21 09:56:00
145,10,Interstellar,Sci-Fi,2,2023-06-05 23:42:00
73,8,Joker,Drama,2,2023-01-01 22:51:00
128,8,Joker,Drama,3,2023-08-22 17:42:00
129,6,Avengers: Endgame,Action,3,2023-02-12 20:41:00
40,5,The Matrix,Sci-Fi,3,2023-10-04 01:36:00
185,2,Titanic,Romance,1,2023-08-02 14:49:00
47,6,Avengers: Endgame,Action,3,2023-12-22 18:32:00
448,6,Avengers: Endgame,Action,2,2023-02-11 11:49:00
85,3,The Dark Knight,Action,1,2023-02-15 05:15:00
475,6,Avengers: Endgame,Action,5,2023-10-02 22:52:00
48,8,Joker,Drama,1,2023-06-09 03:46:00
16,3,The Dark Knight,Action,5,2023-10-18 11:03:00
406,8,Joker,Drama,2,2023-03-26 00:50:00
252,2,Titanic,Romance,2,2023-09-28 10:19:00
478,7,Parasite,Thriller,2,2023-03-13 13:41:00
110,5,The Matrix,Sci-Fi,1,2023-02-20 01:49:00
314,10,Interstellar,Sci-Fi,5,2023-07-09 15:20:00
170,5,The Matrix,Sci-Fi,1,2023-06-11 07:38:00
133,1,Inception,Sci-Fi,1,2023-05-01 09:14:00
273,3,The Dark Knight,Action,3,2023-11-10 03:56:00
369,5,The Matrix,Sci-Fi,1,2023-08-06 14:10:00
219,1,Inception,Sci-Fi,2,2023-08-19 22:37:00
403,9,The Godfather,Crime,2,2023-09-13 04:18:00
447,3,The Dark Knight,Action,3,2023-07-06 03:04:00
142,8,Joker,Drama,5,2023-11-23 19:31:00
31,9,The Godfather,Crime,5,2023-02-05 12:56:00
221,1,Inception,Sci-Fi,4,2023-11-12 15:04:00
119,8,Joker,Drama,2,2023-06-15 12:17:00
121,8,Joker,Drama,3,2023-07-08 00:00:00
480,5,The Matrix,Sci-Fi,5,2023-04-11 12:04:00
43,5,The Matrix,Sci-Fi,5,2023-05-02 17:12:00
215,8,Joker,Drama,4,2023-08-27 03:07:00
476,1,Inception,Sci-Fi,3,2023-10-01 04:11:00
420,2,Titanic,Romance,3,2023-12-10 10:22:00
231,10,Interstellar,Sci-Fi,4,2023-10-08 04:53:00
92,7,Parasite,Thriller,4,2023-06-02 05:43:00
369,7,Parasite,Thriller,5,2023-06-08 16:55:00
264,9,The Godfather,Crime,2,2023-04-13 05:52:00
281,8,Joker,Drama,4,2023-12-15 15:06:00
354,3,The Dark Knight,Action,4,2023-07-09 08:25:00
180,5,The Matrix,Sci-Fi,3,2023-05-20 12:38:00
256,7,Parasite,Thriller,5,2023-01-26 01:26:00
158,3,The Dark Knight,Action,3,2023-10-07 19:52:00
62,6,Avengers: Endgame,Action,5,2023-10-05 06:50:00
51,1,Inception,Sci-Fi,2,2023-11-14 00:25:00
4,8,Joker,Drama,3,2023-01-20 07:08:00
269,10,Interstellar,Sci-Fi,2,2023-02-02 01:56:00
361,7,Parasite,Thriller,2,2023-04-25 22:23:00
139,8,Joker,Drama,4,2023-03-13 07:22:00
121,5,The Matrix,Sci-Fi,2,2023-09-21 09:03:00
415,10,Interstellar,Sci-Fi,5,2023-07-22 14:13:00
183,1,Inception,Sci-Fi,3,2023-01-09 02:55:00
411,8,Joker,Drama,4,2023-11-15 17:23:00
399,9,The Godfather,Crime,3,2023-05-20 19:29:00
323,2,Titanic,Romance,5,2023-10-04 22:23:00
47,10,Interstellar,Sci-Fi,3,2023-12-05 18:33:00
425,7,Parasite,Thriller,2,2023-07-14 18:00:00
214,2,Titanic,Romance,1,2023-08-28 07:18:00
327,6,Avengers: Endgame,Action,5,2023-02-02 18:58:00
179,8,Joker,Drama,1,2023-06-13 07:53:00
495,2,Titanic,Romance,4,2023-10-07 01:43:00
152,9,The Godfather,Crime,1,2023-10-11 13:59:00
444,3,The Dark Knight,Action,5,2023-07-21 17:24:00
98,6,Avengers: Endgame,Action,1,2023-03-27 01:44:00
486,8,Joker,Drama,2,2023-07-09 06:49:00
241,9,The Godfather,Crime,2,2023-08-23 21:29:00
176,6,Avengers: Endgame,Action,5,2023-12-03 03:09:00
128,9,The Godfather,Crime,4,2023-03-26 16:56:00
451,7,Parasite,Thriller,5,2023-09-08 22:22:00
22,5,The Matrix,Sci-Fi,2,2023-05-27 18:51:00
11,7,Parasite,Thriller,2,2023-09-08 21:32:00
113,5,The Matrix,Sci-Fi,1,2023-08-01 05:53:00
289,2,Titanic,Romance,3,2023-09-26 15:08:00
45,6,Avengers: Endgame,Action,3,2023-03-06 08:04:00
316,1,Inception,Sci-Fi,4,2023-03-22 07:06:00
100,1,Inception,Sci-Fi,5,2023-04-20 07:31:00
442,5,The Matrix,Sci-Fi,1,2023-02-14 16:32:00
162,10,Interstellar,Sci-Fi,4,2023-06-18 11:50:00
9,5,The Matrix,Sci-Fi,4,2023-12-07 12:22:00
202,4,Forrest Gump,Drama,5,2023-04-03 20:49:00
349,10,Interstellar,Sci-Fi,3,2023-03-03 20:16:00
246,5,The Matrix,Sci-Fi,5,2023-12-18 12:19:00
227,5,The Matrix,Sci-Fi,4,2023-05-16 17:45:00
297,10,Interstellar,Sci-Fi,5,2023-12-23 12:04:00
437,10,Interstellar,Sci-Fi,3,2023-03-20 12:25:00
102,6,Avengers: Endgame,Action,3,2023-12-14 08:15:00
222,7,Parasite,Thriller,3,2023-07-08 19:38:00
85,8,Joker,Drama,3,2023-07-02 02:18:00
78,1,Inception,Sci-Fi,1,2023-05-21 14:25:00
158,8,Joker,Drama,2,2023-10-25 01:54:00
333,6,Avengers: Endgame,Action,3,2023-01-08 21:18:00
271,4,Forrest Gump,Drama,1,2023-07-15 19:32:00
101,4,Forrest Gump,Drama,4,2023-11-16 22:37:00
327,1,Inception,Sci-Fi,2,2023-08-11 06:07:00
205,6,Avengers: Endgame,Action,2,2023-05-01 18:54:00
48,8,Joker,Drama,2,2023-08-02 13:42:00
383,8,Joker,Drama,5,2023-11-20 19:36:00
288,3,The Dark Knight,Action,1,2023-10-13 07:12:00
414,5,The Matrix,Sci-Fi,1,2023-06-03 06:11:00
495,3,The Dark Knight,Action,3,2023-06-28 01:05:00
4,8,Joker,Drama,3,2023-08-17 03:24:00
17,3,The Dark Knight,Action,4,2023-09-25 21:01:00
365,6,Avengers: Endgame,Action,1,2023-12-04 13:16:00
461,4,Forrest Gump,Drama,5,2023-07-20 12:51:00
390,2,Titanic,Romance,2,2023-04-15 15:28:00
108,7,Parasite,Thriller,3,2023-12-04 05:45:00
432,7,Parasite,Thriller,3,2023-02-28 21:33:00
17,1,Inception,Sci-Fi,1,2023-01-07 04:05:00
246,9,The Godfather,Crime,5,2023-04-05 04:28:00
344,10,Interstellar,Sci-Fi,5,2023-06-02 16:29:00
82,4,Forrest Gump,Drama,3,2023-10-16 02:41:00
104,10,Interstellar,Sci-Fi,4,2023-12-22 08:14:00
11,2,Titanic,Romance,3,2023-07-28 09:39:00
47,5,The Matrix,Sci-Fi,1,2023-03-18 13:08:00
474,2,Titanic,Romance,5,2023-06-14 00:30:00
497,1,Inception,Sci-Fi,5,2023-05-21 23:33:00
32,7,Parasite,Thriller,5,2023-09-11 09:02:00
484,8,Joker,Drama,1,2023-12-13 16:36:00
84,1,Inception,Sci-Fi,3,2023-02-21 08:09:00
140,9,The Godfather,Crime,2,2023-01-20 15:57:00
233,8,Joker,Drama,3,2023-08-02 17:25:00
495,9,The Godfather,Crime,2,2023-04-28 16:09:00
100,7,Parasite,Thriller,5,2023-06-04 16:11:00
299,4,Forrest Gump,Drama,1,2023-06-20 05:07:00
448,5,The Matrix,Sci-Fi,3,2023-07-16 10:30:00
229,5,The Matrix,Sci-Fi,3,2023-10-02 15:06:00
486,6,Avengers: Endgame,Action,1,2023-03-24 02:58:00
247,5,The Matrix,Sci-Fi,2,2023-06-03 08:56:00
488,1,Inception,Sci-Fi,2,2023-06-26 16:02:00
71,3,The Dark Knight,Action,4,2023-10-28 16:55:00
4,5,The Matrix,Sci-Fi,2,2023-10-16 23:39:00
431,8,Joker,Drama,3,2023-11-24 13:08:00
103,9,The Godfather,Crime,5,2023-01-26 20:19:00
487,3,The Dark Knight,Action,2,2023-01-06 16:30:00
332,6,Avengers: Endgame,Action,2,2023-07-09 13:47:00
30,2,Titanic,Romance,3,2023-06-23 23:06:00
481,5,The Matrix,Sci-Fi,5,2023-04-23 16:15:00
131,10,Interstellar,Sci-Fi,5,2023-07-02 20:22:00
169,1,Inception,Sci-Fi,4,2023-11-13 08:00:00
453,3,The Dark Knight,Action,3,2023-05-05 16:18:00
11,10,Interstellar,Sci-Fi,2,2023-06-12 06:22:00
276,1,Inception,Sci-Fi,2,2023-02-14 08:33:00
253,3,The Dark Knight,Action,1,2023-05-25 15:35:00
303,8,Joker,Drama,4,2023-09-05 22:28:00
242,2,Titanic,Romance,3,2023-02-26 13:29:00
300,3,The Dark Knight,Action,2,2023-01-28 00:59:00
43,6,Avengers: Endgame,Action,1,2023-10-12 18:19:00
29,1,Inception,Sci-Fi,3,2023-11-18 23:58:00
310,10,Interstellar,Sci-Fi,5,2023-04-12 22:01:00
236,6,Avengers: Endgame,Action,4,2023-04-15 18:36:00
389,4,Forrest Gump,Drama,1,2023-04-12 05:02:00
234,2,Titanic,Romance,3,2023-04-22 20:23:00
477,2,Titanic,Romance,3,2023-07-05 02:32:00
445,5,The Matrix,Sci-Fi,1,2023-04-07 01:32:00
186,6,Avengers: Endgame,Action,1,2023-11-12 19:33:00
33,2,Titanic,Romance,3,2023-12-23 22:41:00
345,5,The Matrix,Sci-Fi,3,2023-01-16 19:56:00
197,8,Joker,Drama,1,2023-08-13 14:50:00
429,9,The Godfather,Crime,4,2023-01-22 06:44:00
49,1,Inception,Sci-Fi,1,2023-03-17 19:25:00
20,3,The Dark Knight,Action,3,2023-12-27 19:57:00
172,5,The Matrix,Sci-Fi,2,2023-10-06 14:49:00
443,3,The Dark Knight,Action,4,2023-11-17 15:06:00
316,4,Forrest Gump,Drama,3,2023-11-17 04:24:00
302,8,Joker,Drama,2,2023-09-25 18:39:00
125,10,Interstellar,Sci-Fi,1,2023-12-17 12:10:00
349,2,Titanic,Romance,2,2023-04-06 20:21:00
459,6,Avengers: Endgame,Action,4,2023-09-01 14:05:00
252,2,Titanic,Romance,5,2023-01-23 10:43:00
277,10,Interstellar,Sci-Fi,4,2023-03-22 10:24:00
369,5,The Matrix,Sci-Fi,4,2023-05-14 20:00:00
454,9,The Godfather,Crime,2,2023-10-12 00:35:00
356,4,Forrest Gump,Drama,1,2023-01-04 13:47:00
454,8,Joker,Drama,2,2023-02-24 08:07:00
410,5,The Matrix,Sci-Fi,2,2023-02-01 17:14:00
114,4,Forrest Gump,Drama,5,2023-04-03 01:34:00
106,7,Parasite,Thriller,4,2023-10-20 06:42:00
276,7,Parasite,Thriller,3,2023-03-15 00:04:00
410,7,Parasite,Thriller,1,2023-02-02 22:10:00
204,4,Forrest Gump,Drama,4,2023-10-17 21:04:00
326,3,The Dark Knight,Action,5,2023-01-18 16:02:00
387,2,Titanic,Romance,1,2023-05-04 09:36:00
306,4,Forrest Gump,Drama,1,2023-02-04 03:27:00
400,3,The Dark Knight,Action,2,2023-04-01 19:27:00
361,10,Interstellar,Sci-Fi,3,2023-11-11 16:20:00
141,7,Parasite,Thriller,5,2023-05-23 12:20:00
186,10,Interstellar,Sci-Fi,1,2023-08-26 13:36:00
37,7,Parasite,Thriller,1,2023-09-13 02:45:00
403,9,The Godfather,Crime,1,2023-08-12 22:09:00
359,10,Interstellar,Sci-Fi,1,2023-09-08 00:36:00
490,9,The Godfather,Crime,4,2023-03-06 03:01:00
95,8,Joker,Drama,5,2023-06-16 14:45:00
482,4,Forrest Gump,Drama,4,2023-09-17 05:13:00
155,1,Inception,Sci-Fi,5,2023-10-19 08:34:00
139,8,Joker,Drama,1,2023-12-27 16:13:00
68,7,Parasite,Thriller,4,2023-09-03 03:50:00
119,6,Avengers: Endgame,Action,5,2023-11-18 09:24:00
67,2,Titanic,Romance,4,2023-09-02 15:35:00
159,5,The Matrix,Sci-Fi,4,2023-09-28 04:47:00
477,2,Titanic,Romance,3,2023-02-10 08:50:00
271,2,Titanic,Romance,5,2023-03-02 22:39:00
126,3,The Dark Knight,Action,1,2023-09-16 22:15:00
149,2,Titanic,Romance,1,2023-09-07 22:41:00
338,1,Inception,Sci-Fi,3,2023-06-27 13:57:00
465,8,Joker,Drama,2,2023-02-07 18:48:00
349,6,Avengers: Endgame,Action,5,2023-09-28 15:01:00
322,3,The Dark Knight,Action,2,2023-05-04 11:21:00
407,9,The Godfather,Crime,3,2023-10-04 14:10:00
207,3,The Dark Knight,Action,1,2023-09-15 05:06:00
121,8,Joker,Drama,2,2023-12-11 17:50:00
110,10,Interstellar,Sci-Fi,5,2023-04-17 12:17:00
249,2,Titanic,Romance,4,2023-06-19 02:20:00
362,6,Avengers: Endgame,Action,5,2023-12-06 03:12:00
290,1,Inception,Sci-Fi,5,2023-11-16 11:43:00
445,4,Forrest Gump,Drama,2,2023-01-23 16:47:00
226,4,Forrest Gump,Drama,5,2023-12-27 06:26:00
64,5,The Matrix,Sci-Fi,4,2023-09-27 19:11:00
369,5,The Matrix,Sci-Fi,4,2023-03-02 00:24:00
318,9,The Godfather,Crime,5,2023-08-02 23:25:00
499,3,The Dark Knight,Action,5,2023-09-02 07:04:00
165,1,Inception,Sci-Fi,5,2023-08-06 12:41:00
382,7,Parasite,Thriller,2,2023-01-18 15:52:00
249,4,Forrest Gump,Drama,2,2023-06-21 19:10:00
173,10,Interstellar,Sci-Fi,5,2023-07-10 08:55:00
401,6,Avengers: Endgame,Action,3,2023-08-25 08:49:00
90,7,Parasite,Thriller,2,2023-12-23 17:31:00
123,6,Avengers: Endgame,Action,3,2023-11-06 17:03:00
306,1,Inception,Sci-Fi,1,2023-11-16 05:16:00
473,10,Interstellar,Sci-Fi,5,2023-03-20 14:24:00
144,1,Inception,Sci-Fi,2,2023-10-11 19:40:00
13,1,Inception,Sci-Fi,4,2023-03-15 18:57:00
56,10,Interstellar,Sci-Fi,2,2023-06-15 18:42:00
280,6,Avengers: Endgame,Action,1,2023-12-01 08:45:00
113,4,Forrest Gump,Drama,2,2023-06-01 22:22:00
477,3,The Dark Knight,Action,2,2023-01-21 12:36:00
346,10,Interstellar,Sci-Fi,4,2023-03-20 22:26:00
231,4,Forrest Gump,Drama,2,2023-02-03 08:14:00
73,5,The Matrix,Sci-Fi,3,2023-03-10 10:42:00
191,3,The Dark Knight,Action,3,2023-11-20 16:09:00
93,5,The Matrix,Sci-Fi,2,2023-07-05 15:15:00
450,9,The Godfather,Crime,3,2023-05-17 18:34:00
54,5,The Matrix,Sci-Fi,1,2023-08-09 21:28:00
143,9,The Godfather,Crime,2,2023-07-21 16:32:00
5,10,Interstellar,Sci-Fi,3,2023-10-06 20:56:00
256,7,Parasite,Thriller,4,2023-09-15 12:31:00
405,5,The Matrix,Sci-Fi,1,2023-07-14 05:29:00
221,8,Joker,Drama,5,2023-12-07 12:58:00
308,9,The Godfather,Crime,4,2023-09-11 13:16:00
464,1,Inception,Sci-Fi,4,2023-12-25 04:33:00
229,2,Titanic,Romance,2,2023-12-04 23:31:00
161,9,The Godfather,Crime,1,2023-07-26 21:42:00
152,4,Forrest Gump,Drama,1,2023-07-21 10:56:00
166,4,Forrest Gump,Drama,3,2023-04-21 16:10:00
477,5,The Matrix,Sci-Fi,1,2023-03-14 14:54:00
473,6,Avengers: Endgame,Action,2,2023-12-26 23:22:00
100,3,The Dark Knight,Action,1,2023-03-09 02:35:00
36,10,Interstellar,Sci-Fi,4,2023-04-27 11:30:00
51,1,Inception,Sci-Fi,1,2023-12-26 07:49:00
202,5,The Matrix,Sci-Fi,2,2023-01-26 15:19:00
313,3,The Dark Knight,Action,3,2023-02-23 07:36:00
411,8,Joker,Drama,1,2023-06-04 04:52:00
270,10,Interstellar,Sci-Fi,2,2023-05-05 21:17:00
228,9,The Godfather,Crime,5,2023-10-28 13:35:00
317,6,Avengers: Endgame,Action,1,2023-10-28 03:44:00
159,3,The Dark Knight,Action,5,2023-09-23 19:21:00
323,1,Inception,Sci-Fi,4,2023-12-01 21:34:00
469,2,Titanic,Romance,3,2023-10-03 06:20:00
104,6,Avengers: Endgame,Action,3,2023-01-11 13:41:00
24,7,Parasite,Thriller,5,2023-01-06 06:42:00
400,2,Titanic,Romance,4,2023-06-06 21:12:00
495,5,The Matrix,Sci-Fi,1,2023-11-05 03:40:00
178,9,The Godfather,Crime,1,2023-07-24 09:24:00
242,8,Joker,Drama,2,2023-11-10 01:06:00
354,10,Interstellar,Sci-Fi,5,2023-11-01 00:44:00
289,5,The Matrix,Sci-Fi,1,2023-03-19 03:15:00
69,1,Inception,Sci-Fi,5,2023-07-15 21:54:00
130,7,Parasite,Thriller,3,2023-04-15 18:33:00
448,6,Avengers: Endgame,Action,3,2023-12-08 10:00:00
399,2,Titanic,Romance,2,2023-05-01 14:43:00
20,4,Forrest Gump,Drama,2,2023-12-11 11:13:00
67,1,Inception,Sci-Fi,3,2023-01-02 17:06:00
254,6,Avengers: Endgame,Action,2,2023-04-25 15:22:00
328,5,The Matrix,Sci-Fi,4,2023-03-12 13:38:00
182,7,Parasite,Thriller,2,2023-10-23 12:26:00
44,8,Joker,Drama,1,2023-05-01 23:18:00
67,7,Parasite,Thriller,3,2023-07-13 04:07:00
8,1,Inception,Sci-Fi,3,2023-09-10 06:06:00
182,9,The Godfather,Crime,1,2023-10-26 19:07:00
38,1,Inception,Sci-Fi,3,2023-09-15 17:45:00
173,4,Forrest Gump,Drama,4,2023-12-06 08:56:00
123,9,The Godfather,Crime,3,2023-07-07 07:34:00
213,9,The Godfather,Crime,1,2023-02-05 08:47:00
441,5,The Matrix,Sci-Fi,5,2023-06-01 05:00:00
318,2,Titanic,Romance,1,2023-06-12 22:34:00
325,9,The Godfather,Crime,4,2023-12-03 04:01:00
20,4,Forrest Gump,Drama,4,2023-05-16 21:48:00
358,3,The Dark Knight,Action,5,2023-06-17 16:50:00
148,4,Forrest Gump,Drama,3,2023-04-18 01:31:00
244,4,Forrest Gump,Drama,2,2023-12-04 22:05:00
199,4,Forrest Gump,Drama,3,2023-12-23 00:01:00
337,5,The Matrix,Sci-Fi,3,2023-05-19 01:43:00
405,8,Joker,Drama,1,2023-01-25 13:17:00
231,2,Titanic,Romance,4,2023-10-06 08:00:00
72,7,Parasite,Thriller,4,2023-07-01 04:54:00
89,6,Avengers: Endgame,Action,4,2023-06-20 08:51:00
21,4,Forrest Gump,Drama,1,2023-09-14 21:14:00
237,2,Titanic,Romance,2,2023-03-23 10:55:00
173,6,Avengers: Endgame,Action,4,2023-11-21 07:45:00
271,10,Interstellar,Sci-Fi,1,2023-11-08 22:21:00
218,8,Joker,Drama,4,2023-10-26 14:32:00
32,8,Joker,Drama,3,2023-03-24 06:55:00
281,4,Forrest Gump,Drama,3,2023-08-04 22:40:00
106,6,Avengers: Endgame,Action,2,2023-04-26 06:29:00
112,2,Titanic,Romance,5,2023-12-19 17:38:00
353,1,Inception,Sci-Fi,5,2023-10-03 23:12:00
466,10,Interstellar,Sci-Fi,1,2023-06-01 13:55:00
282,10,Interstellar,Sci-Fi,4,2023-06-13 09:11:00
259,4,Forrest Gump,Drama,1,2023-11-07 13:28:00
411,8,Joker,Drama,3,2023-05-03 05:34:00
232,8,Joker,Drama,2,2023-03-25 17:17:00
114,3,The Dark Knight,Action,1,2023-07-25 02:37:00
488,2,Titanic,Romance,2,2023-08-15 07:53:00
390,5,The Matrix,Sci-Fi,3,2023-01-02 05:22:00
119,7,Parasite,Thriller,2,2023-06-22 05:56:00
435,4,Forrest Gump,Drama,5,2023-07-05 21:51:00
294,3,The Dark Knight,Action,3,2023-03-04 23:08:00
490,4,Forrest Gump,Drama,5,2023-06-18 20:57:00
36,3,The Dark Knight,Action,3,2023-10-08 12:40:00
70,6,Avengers: Endgame,Action,2,2023-04-10 12:53:00
242,4,Forrest Gump,Drama,4,2023-03-28 14:24:00
312,1,Inception,Sci-Fi,2,2023-06-05 02:37:00
12,7,Parasite,Thriller,4,2023-02-01 15:06:00
292,6,Avengers: Endgame,Action,5,2023-08-06 07:09:00
54,1,Inception,Sci-Fi,1,2023-09-28 17:22:00
179,8,Joker,Drama,3,2023-12-28 10:16:00
415,3,The Dark Knight,Action,2,2023-07-26 14:17:00
245,2,Titanic,Romance,1,2023-07-14 05:45:00
199,3,The Dark Knight,Action,5,2023-07-05 04:56:00
384,8,Joker,Drama,3,2023-03-25 10:25:00
6,10,Interstellar,Sci-Fi,1,2023-08-12 20:17:00
402,1,Inception,Sci-Fi,4,2023-02-28 23:16:00
256,6,Avengers: Endgame,Action,4,2023-09-06 05:46:00
479,6,Avengers: Endgame,Action,1,2023-11-04 22:13:00
66,5,The Matrix,Sci-Fi,5,2023-10-08 13:08:00
246,1,Inception,Sci-Fi,4,2023-08-14 07:22:00
381,6,Avengers: Endgame,Action,2,2023-05-04 04:00:00
140,1,Inception,Sci-Fi,5,2023-03-11 02:53:00
17,9,The Godfather,Crime,2,2023-02-04 06:57:00
336,7,Parasite,Thriller,3,2023-01-26 13:16:00
225,7,Parasite,Thriller,2,2023-09-28 08:00:00
276,5,The Matrix,Sci-Fi,5,2023-03-21 13:51:00
95,7,Parasite,Thriller,2,2023-04-14 08:03:00
215,9,The Godfather,Crime,4,2023-05-26 12:09:00
138,6,Avengers: Endgame,Action,2,2023-11-11 22:15:00
433,3,The Dark Knight,Action,4,2023-04-25 20:30:00
474,10,Interstellar,Sci-Fi,2,2023-06-03 06:59:00
2,7,Parasite,Thriller,1,2023-09-28 16:01:00
151,4,Forrest Gump,Drama,2,2023-11-06 02:19:00
328,10,Interstellar,Sci-Fi,5,2023-01-22 19:29:00
477,10,Interstellar,Sci-Fi,5,2023-05-27 02:00:00
66,3,The Dark Knight,Action,3,2023-08-02 11:08:00
188,10,Interstellar,Sci-Fi,1,2023-04-27 12:38:00
256,7,Parasite,Thriller,4,2023-08-24 23:23:00
237,10,Interstellar,Sci-Fi,3,2023-09-22 23:58:00
27,3,The Dark Knight,Action,5,2023-08-19 08:40:00
181,8,Joker,Drama,3,2023-03-26 15:26:00
477,5,The Matrix,Sci-Fi,3,2023-02-15 17:38:00
249,1,Inception,Sci-Fi,1,2023-06-12 18:28:00
333,4,Forrest Gump,Drama,1,2023-10-17 16:07:00
75,3,The Dark Knight,Action,2,2023-07-05 14:25:00
214,7,Parasite,Thriller,2,2023-02-27 06:10:00
382,10,Interstellar,Sci-Fi,3,2023-09-21 07:43:00
430,2,Titanic,Romance,1,2023-06-13 19:58:00
130,10,Interstellar,Sci-Fi,5,2023-12-13 04:42:00
60,5,The Matrix,Sci-Fi,5,2023-12-23 21:29:00
349,8,Joker,Drama,5,2023-07-14 03:36:00
43,9,The Godfather,Crime,5,2023-03-28 14:45:00
98,6,Avengers: Endgame,Action,1,2023-10-27 05:19:00
12,6,Avengers: Endgame,Action,3,2023-02-11 10:55:00
492,4,Forrest Gump,Drama,1,2023-11-02 19:35:00
311,4,Forrest Gump,Drama,5,2023-08-06 01:49:00
48,5,The Matrix,Sci-Fi,5,2023-09-25 08:25:00
477,7,Parasite,Thriller,1,2023-07-15 01:11:00
453,1,Inception,Sci-Fi,4,2023-05-20 23:12:00
441,9,The Godfather,Crime,1,2023-01-09 21:22:00
418,1,Inception,Sci-Fi,1,2023-09-16 08:56:00
182,7,Parasite,Thriller,2,2023-03-14 01:37:00
273,9,The Godfather,Crime,5,2023-04-27 08:10:00
350,5,The Matrix,Sci-Fi,1,2023-12-25 08:26:00
142,5,The Matrix,Sci-Fi,4,2023-06-07 13:39:00
193,7,Parasite,Thriller,3,2023-09-13 01:37:00
184,1,Inception,Sci-Fi,1,2023-11-07 15:02:00
438,9,The Godfather,Crime,1,2023-05-08 18:03:00
316,4,Forrest Gump,Drama,1,2023-07-04 23:46:00
426,8,Joker,Drama,5,2023-07-03 02:46:00
59,8,Joker,Drama,1,2023-10-13 17:39:00
429,4,Forrest Gump,Drama,1,2023-03-17 06:47:00
170,10,Interstellar,Sci-Fi,2,2023-06-20 05:16:00
285,2,Titanic,Romance,3,2023-05-14 04:32:00
33,8,Joker,Drama,5,2023-08-08 07:37:00
362,10,Interstellar,Sci-Fi,4,2023-06-16 09:11:00
5,6,Avengers: Endgame,Action,4,2023-02-01 14:02:00
144,8,Joker,Drama,5,2023-05-20 19:12:00
50,8,Joker,Drama,4,2023-01-26 09:33:00
108,6,Avengers: Endgame,Action,4,2023-05-08 18:51:00
220,3,The Dark Knight,Action,2,2023-08-22 19:38:00
302,2,Titanic,Romance,4,2023-01-23 13:02:00
369,8,Joker,Drama,2,2023-12-28 11:43:00
254,7,Parasite,Thriller,1,2023-06-09 03:31:00
366,2,Titanic,Romance,5,2023-07-13 13:34:00
257,7,Parasite,Thriller,3,2023-04-20 14:33:00
102,1,Inception,Sci-Fi,4,2023-12-07 05:45:00
460,8,Joker,Drama,1,2023-05-05 15:41:00
314,1,Inception,Sci-Fi,3,2023-01-10 12:47:00
108,5,The Matrix,Sci-Fi,5,2023-02-21 04:54:00
185,2,Titanic,Romance,1,2023-10-14 16:45:00
280,10,Interstellar,Sci-Fi,5,2023-02-10 20:29:00
130,9,The Godfather,Crime,3,2023-11-13 14:16:00
85,9,The Godfather,Crime,1,2023-06-27 19:07:00
90,7,Parasite,Thriller,2,2023-07-08 06:35:00
129,2,Titanic,Romance,1,2023-07-12 15:56:00
176,3,The Dark Knight,Action,2,2023-12-07 23:16:00
142,8,Joker,Drama,3,2023-02-04 03:58:00
336,8,Joker,Drama,2,2023-01-17 03:41:00
237,1,Inception,Sci-Fi,2,2023-05-23 06:44:00
27,5,The Matrix,Sci-Fi,1,2023-11-12 07:58:00
487,10,Interstellar,Sci-Fi,5,2023-04-27 07:02:00
104,8,Joker,Drama,3,2023-11-09 13:51:00
93,10,Interstellar,Sci-Fi,5,2023-07-14 22:11:00
247,9,The Godfather,Crime,5,2023-02-08 05:34:00
263,10,Interstellar,Sci-Fi,5,2023-06-21 10:12:00
228,3,The Dark Knight,Action,4,2023-10-05 23:19:00
39,4,Forrest Gump,Drama,1,2023-03-09 15:39:00
238,2,Titanic,Romance,4,2023-06-13 20:14:00
7,2,Titanic,Romance,4,2023-04-06 05:49:00
435,7,Parasite,Thriller,2,2023-01-15 21:00:00
441,1,Inception,Sci-Fi,2,2023-05-21 21:18:00
348,9,The Godfather,Crime,3,2023-05-22 22:32:00
368,2,Titanic,Romance,5,2023-02-18 08:07:00
471,8,Joker,Drama,4,2023-11-15 23:00:00
439,9,The Godfather,Crime,3,2023-02-28 18:56:00
498,1,Inception,Sci-Fi,4,2023-10-04 18:01:00
291,4,Forrest Gump,Drama,4,2023-11-08 07:21:00
405,8,Joker,Drama,2,2023-04-09 04:31:00
236,9,The Godfather,Crime,2,2023-01-13 00:06:00
156,10,Interstellar,Sci-Fi,5,2023-10-18 10:45:00
30,9,The Godfather,Crime,1,2023-04-14 07:21:00
375,6,Avengers: Endgame,Action,2,2023-11-11 10:13:00
479,4,Forrest Gump,Drama,2,2023-07-18 01:13:00
377,8,Joker,Drama,4,2023-09-21 16:47:00
402,2,Titanic,Romance,5,2023-12-18 13:30:00
374,10,Interstellar,Sci-Fi,4,2023-09-23 10:11:00
190,9,The Godfather,Crime,1,2023-07-18 10:26:00
141,3,The Dark Knight,Action,3,2023-11-14 10:25:00
374,2,Titanic,Romance,3,2023-05-26 07:13:00
81,8,Joker,Drama,1,2023-04-22 15:47:00
27,7,Parasite,Thriller,2,2023-03-12 04:18:00
331,7,Parasite,Thriller,2,2023-04-05 18:07:00
51,5,The Matrix,Sci-Fi,2,2023-08-09 00:15:00
65,9,The Godfather,Crime,3,2023-07-26 20:13:00
9,5,The Matrix,Sci-Fi,3,2023-10-01 23:50:00
430,10,Interstellar,Sci-Fi,5,2023-07-01 21:21:00
484,10,Interstellar,Sci-Fi,1,2023-09-07 09:09:00
349,10,Interstellar,Sci-Fi,3,2023-01-02 16:31:00
49,3,The Dark Knight,Action,3,2023-12-28 11:13:00
206,1,Inception,Sci-Fi,1,2023-07-08 01:43:00
185,1,Inception,Sci-Fi,4,2023-08-23 04:23:00
440,10,Interstellar,Sci-Fi,2,2023-01-20 07:09:00
284,1,Inception,Sci-Fi,5,2023-06-24 21:48:00
71,6,Avengers: Endgame,Action,1,2023-01-02 14:48:00
24,9,The Godfather,Crime,2,2023-05-14 11:35:00
285,8,Joker,Drama,2,2023-05-18 03:43:00
43,6,Avengers: Endgame,Action,5,2023-10-14 09:07:00
480,7,Parasite,Thriller,4,2023-04-10 18:57:00
21,5,The Matrix,Sci-Fi,4,2023-08-09 01:25:00
489,6,Avengers: Endgame,Action,5,2023-09-06 15:09:00
116,8,Joker,Drama,5,2023-03-23 02:50:00
167,9,The Godfather,Crime,4,2023-12-26 17:35:00
432,2,Titanic,Romance,3,2023-08-22 12:15:00
290,10,Interstellar,Sci-Fi,4,2023-09-07 11:44:00
42,4,Forrest Gump,Drama,2,2023-10-14 22:22:00
300,1,Inception,Sci-Fi,3,2023-12-24 05:05:00
180,1,Inception,Sci-Fi,5,2023-02-18 02:26:00
184,5,The Matrix,Sci-Fi,1,2023-06-12 12:48:00
472,10,Interstellar,Sci-Fi,1,2023-07-01 07:56:00
498,4,Forrest Gump,Drama,1,2023-07-22 22:17:00
83,7,Parasite,Thriller,1,2023-04-08 12:43:00
285,8,Joker,Drama,3,2023-11-05 06:35:00
450,9,The Godfather,Crime,4,2023-08-02 15:22:00
424,10,Interstellar,Sci-Fi,1,2023-08-16 20:26:00
337,5,The Matrix,Sci-Fi,5,2023-03-25 10:53:00
24,9,The Godfather,Crime,1,2023-07-08 13:27:00
80,7,Parasite,Thriller,2,2023-12-26 07:41:00
453,4,Forrest Gump,Drama,4,2023-01-12 02:15:00
414,3,The Dark Knight,Action,2,2023-07-04 20:40:00
81,5,The Matrix,Sci-Fi,5,2023-09-17 23:07:00
186,2,Titanic,Romance,4,2023-08-06 09:46:00
92,9,The Godfather,Crime,4,2023-08-13 16:17:00
77,7,Parasite,Thriller,2,2023-04-13 04:26:00
231,5,The Matrix,Sci-Fi,1,2023-01-12 14:57:00
268,2,Titanic,Romance,4,2023-05-07 01:42:00
30,4,Forrest Gump,Drama,2,2023-04-22 12:58:00
68,1,Inception,Sci-Fi,4,2023-12-16 04:06:00
32,7,Parasite,Thriller,5,2023-02-13 12:17:00
237,3,The Dark Knight,Action,4,2023-12-19 20:16:00
98,5,The Matrix,Sci-Fi,1,2023-01-23 22:25:00
431,4,Forrest Gump,Drama,1,2023-10-04 13:12:00
125,4,Forrest Gump,Drama,3,2023-04-26 11:45:00
231,2,Titanic,Romance,1,2023-10-15 23:27:00
145,3,The Dark Knight,Action,2,2023-08-07 14:48:00
401,5,The Matrix,Sci-Fi,5,2023-07-17 23:36:00
467,2,Titanic,Romance,4,2023-04-11 07:41:00
178,8,Joker,Drama,4,2023-05-10 22:50:00
420,2,Titanic,Romance,1,2023-07-16 23:14:00
459,2,Titanic,Romance,5,2023-04-03 02:25:00
416,7,Parasite,Thriller,3,2023-11-09 17:23:00
432,9,The Godfather,Crime,2,2023-03-12 22:17:00
246,6,Avengers: Endgame,Action,4,2023-04-24 16:06:00
328,5,The Matrix,Sci-Fi,4,2023-04-25 13:40:00
112,8,Joker,Drama,1,2023-05-17 15:45:00
318,3,The Dark Knight,Action,4,2023-11-17 16:21:00
247,3,The Dark Knight,Action,5,2023-10-09 21:04:00
327,9,The Godfather,Crime,2,2023-05-23 09:49:00
490,4,Forrest Gump,Drama,5,2023-11-26 14:26:00
425,7,Parasite,Thriller,2,2023-07-08 11:22:00
250,4,Forrest Gump,Drama,4,2023-04-08 09:56:00
370,8,Joker,Drama,2,2023-04-15 19:49:00
500,7,Parasite,Thriller,1,2023-09-04 22:24:00
290,4,Forrest Gump,Drama,4,2023-06-10 03:42:00
233,1,Inception,Sci-Fi,5,2023-06-22 17:38:00
131,5,The Matrix,Sci-Fi,5,2023-06-16 01:17:00
289,10,Interstellar,Sci-Fi,4,2023-10-07 02:20:00
135,2,Titanic,Romance,2,2023-07-21 02:26:00
475,5,The Matrix,Sci-Fi,4,2023-11-20 20:20:00
23,1,Inception,Sci-Fi,4,2023-04-05 04:56:00
483,5,The Matrix,Sci-Fi,5,2023-07-27 11:51:00
9,8,Joker,Drama,1,2023-01-28 23:12:00
383,5,The Matrix,Sci-Fi,2,2023-05-12 03:37:00
455,3,The Dark Knight,Action,5,2023-05-28 22:31:00
129,10,Interstellar,Sci-Fi,1,2023-07-22 05:46:00
470,2,Titanic,Romance,4,2023-11-13 00:10:00
458,8,Joker,Drama,3,2023-01-11 23:26:00
90,1,Inception,Sci-Fi,1,2023-05-27 05:32:00
467,5,The Matrix,Sci-Fi,5,2023-05-21 21:47:00
396,7,Parasite,Thriller,5,2023-11-04 02:52:00
139,2,Titanic,Romance,5,2023-06-07 20:41:00
8,10,Interstellar,Sci-Fi,1,2023-08-20 06:58:00
207,8,Joker,Drama,2,2023-01-13 04:09:00
78,5,The Matrix,Sci-Fi,4,2023-01-14 10:04:00
422,9,The Godfather,Crime,1,2023-07-19 02:33:00
347,6,Avengers: Endgame,Action,1,2023-06-18 12:36:00
397,3,The Dark Knight,Action,1,2023-03-02 15:30:00
423,3,The Dark Knight,Action,2,2023-02-03 05:56:00
432,10,Interstellar,Sci-Fi,5,2023-05-11 17:44:00
242,5,The Matrix,Sci-Fi,3,2023-07-16 12:05:00
112,9,The Godfather,Crime,4,2023-01-22 15:41:00
112,7,Parasite,Thriller,4,2023-02-12 13:58:00
388,5,The Matrix,Sci-Fi,3,2023-03-19 21:28:00
173,4,Forrest Gump,Drama,5,2023-07-02 10:39:00
410,5,The Matrix,Sci-Fi,5,2023-12-15 22:13:00
181,9,The Godfather,Crime,1,2023-04-04 23:55:00
35,9,The Godfather,Crime,1,2023-10-25 19:20:00
405,6,Avengers: Endgame,Action,5,2023-11-28 18:00:00
263,8,Joker,Drama,2,2023-12-24 10:31:00
401,6,Avengers: Endgame,Action,3,2023-03-20 12:07:00
336,5,The Matrix,Sci-Fi,1,2023-02-15 20:39:00
399,8,Joker,Drama,3,2023-06-14 14:41:00
275,3,The Dark Knight,Action,1,2023-04-06 18:28:00
83,7,Parasite,Thriller,2,2023-12-20 05:19:00
318,3,The Dark Knight,Action,2,2023-05-27 19:52:00
308,1,Inception,Sci-Fi,2,2023-07-06 04:42:00
362,9,The Godfather,Crime,4,2023-12-09 17:17:00
307,4,Forrest Gump,Drama,3,2023-05-21 14:13:00
376,2,Titanic,Romance,5,2023-07-08 09:05:00
299,10,Interstellar,Sci-Fi,4,2023-12-23 11:02:00
430,4,Forrest Gump,Drama,3,2023-06-15 19:36:00
398,4,Forrest Gump,Drama,5,2023-09-05 04:37:00
284,4,Forrest Gump,Drama,2,2023-05-23 02:39:00
123,6,Avengers: Endgame,Action,3,2023-09-22 10:07:00
492,1,Inception,Sci-Fi,2,2023-03-24 13:29:00
328,1,Inception,Sci-Fi,5,2023-07-03 10:34:00
446,10,Interstellar,Sci-Fi,3,2023-02-25 00:29:00
437,2,Titanic,Romance,2,2023-12-22 03:08:00
358,6,Avengers: Endgame,Action,4,2023-11-28 10:03:00
72,7,Parasite,Thriller,5,2023-04-27 19:22:00
449,5,The Matrix,Sci-Fi,5,2023-12-20 18:29:00
264,1,Inception,Sci-Fi,5,2023-05-03 13:08:00
354,10,Interstellar,Sci-Fi,4,2023-05-19 10:32:00
12,4,Forrest Gump,Drama,1,2023-04-21 05:34:00
459,9,The Godfather,Crime,5,2023-07-21 04:24:00
159,10,Interstellar,Sci-Fi,2,2023-01-26 00:45:00
500,3,The Dark Knight,Action,4,2023-10-03 02:19:00
26,7,Parasite,Thriller,3,2023-02-25 04:25:00
500,2,Titanic,Romance,5,2023-06-09 02:39:00
453,5,The Matrix,Sci-Fi,4,2023-10-09 14:23:00
176,1,Inception,Sci-Fi,5,2023-05-10 17:34:00
69,2,Titanic,Romance,2,2023-04-08 08:27:00
240,10,Interstellar,Sci-Fi,2,2023-05-28 01:24:00
237,2,Titanic,Romance,5,2023-01-06 18:02:00
167,3,The Dark Knight,Action,2,2023-06-17 16:50:00
462,6,Avengers: Endgame,Action,1,2023-03-23 04:09:00
201,10,Interstellar,Sci-Fi,5,2023-07-10 08:00:00
359,7,Parasite,Thriller,3,2023-11-28 00:17:00
174,6,Avengers: Endgame,Action,5,2023-05-15 23:52:00
204,8,Joker,Drama,1,2023-10-04 05:56:00
498,9,The Godfather,Crime,1,2023-05-25 13:05:00
259,10,Interstellar,Sci-Fi,4,2023-10-03 19:06:00
334,6,Avengers: Endgame,Action,4,2023-01-04 18:22:00
319,3,The Dark Knight,Action,5,2023-05-24 08:22:00
364,5,The Matrix,Sci-Fi,1,2023-04-11 16:13:00
80,8,Joker,Drama,1,2023-05-08 21:22:00
342,4,Forrest Gump,Drama,2,2023-12-07 22:28:00
203,5,The Matrix,Sci-Fi,3,2023-03-18 07:27:00
436,2,Titanic,Romance,4,2023-08-05 14:57:00
199,10,Interstellar,Sci-Fi,3,2023-06-13 21:02:00
85,2,Titanic,Romance,2,2023-09-20 00:55:00
364,2,Titanic,Romance,2,2023-10-15 23:33:00
380,9,The Godfather,Crime,3,2023-06-05 22:16:00
44,2,Titanic,Romance,1,2023-12-12 01:39:00
74,6,Avengers: Endgame,Action,2,2023-02-20 01:46:00
354,10,Interstellar,Sci-Fi,2,2023-12-11 20:14:00
105,6,Avengers: Endgame,Action,1,2023-05-06 10:55:00
183,4,Forrest Gump,Drama,1,2023-03-24 23:41:00
202,6,Avengers: Endgame,Action,5,2023-07-14 09:15:00
302,10,Interstellar,Sci-Fi,2,2023-12-06 05:36:00
34,4,Forrest Gump,Drama,3,2023-04-04 13:15:00
161,2,Titanic,Romance,5,2023-03-11 04:50:00
393,9,The Godfather,Crime,4,2023-01-21 09:01:00
57,9,The Godfather,Crime,3,2023-03-19 00:26:00
444,3,The Dark Knight,Action,3,2023-07-22 15:09:00
184,9,The Godfather,Crime,1,2023-12-02 00:18:00
133,7,Parasite,Thriller,5,2023-09-20 00:54:00
70,10,Interstellar,Sci-Fi,5,2023-03-13 18:23:00
116,1,Inception,Sci-Fi,4,2023-09-28 04:37:00
116,9,The Godfather,Crime,5,2023-09-01 16:17:00
11,10,Interstellar,Sci-Fi,5,2023-03-22 13:26:00
421,7,Parasite,Thriller,3,2023-07-21 10:36:00
19,3,The Dark Knight,Action,5,2023-09-07 22:19:00
64,10,Interstellar,Sci-Fi,2,2023-04-17 04:43:00
61,5,The Matrix,Sci-Fi,5,2023-04-09 22:00:00
200,3,The Dark Knight,Action,4,2023-07-23 18:42:00
444,4,Forrest Gump,Drama,4,2023-03-12 01:18:00
330,7,Parasite,Thriller,4,2023-03-12 03:03:00
137,10,Interstellar,Sci-Fi,4,2023-11-13 20:59:00
213,2,Titanic,Romance,2,2023-03-24 20:49:00
18,8,Joker,Drama,3,2023-07-28 05:22:00
396,1,Inception,Sci-Fi,4,2023-09-12 01:23:00
471,4,Forrest Gump,Drama,4,2023-10-18 09:46:00
56,3,The Dark Knight,Action,3,2023-05-24 00:55:00
332,9,The Godfather,Crime,5,2023-06-24 03:30:00
255,4,Forrest Gump,Drama,4,2023-02-13 16:53:00
473,1,Inception,Sci-Fi,5,2023-03-24 16:36:00
83,7,Parasite,Thriller,4,2023-05-21 07:26:00
72,5,The Matrix,Sci-Fi,1,2023-01-26 13:03:00
124,4,Forrest Gump,Drama,4,2023-10-05 10:41:00
460,7,Parasite,Thriller,5,2023-06-14 06:40:00
433,7,Parasite,Thriller,2,2023-09-14 10:23:00
29,5,The Matrix,Sci-Fi,4,2023-04-04 08:40:00
16,1,Inception,Sci-Fi,4,2023-09-05 09:59:00
19,4,Forrest Gump,Drama,2,2023-07-13 05:44:00
466,4,Forrest Gump,Drama,2,2023-04-26 23:54:00
215,6,Avengers: Endgame,Action,5,2023-09-15 11:58:00
26,3,The Dark Knight,Action,3,2023-07-17 05:48:00
102,8,Joker,Drama,1,2023-11-09 05:03:00
223,1,Inception,Sci-Fi,5,2023-11-18 16:15:00
213,9,The Godfather,Crime,5,2023-07-25 18:36:00
192,1,Inception,Sci-Fi,3,2023-03-07 13:56:00
90,9,The Godfather,Crime,3,2023-04-21 19:25:00
496,1,Inception,Sci-Fi,5,2023-10-02 06:11:00
141,3,The Dark Knight,Action,4,2023-04-24 18:37:00
334,10,Interstellar,Sci-Fi,4,2023-01-09 09:48:00
71,2,Titanic,Romance,1,2023-12-21 05:40:00
243,9,The Godfather,Crime,4,2023-10-27 19:37:00
474,2,Titanic,Romance,2,2023-03-09 20:39:00
208,6,Avengers: Endgame,Action,3,2023-12-20 05:16:00
216,6,Avengers: Endgame,Action,2,2023-11-17 03:38:00
9,3,The Dark Knight,Action,5,2023-10-23 00:22:00
20,2,Titanic,Romance,5,2023-04-18 01:08:00
404,2,Titanic,Romance,2,2023-11-22 01:56:00
440,5,The Matrix,Sci-Fi,3,2023-09-05 08:11:00
256,3,The Dark Knight,Action,4,2023-01-07 13:07:00
149,3,The Dark Knight,Action,1,2023-12-14 11:05:00
228,5,The Matrix,Sci-Fi,4,2023-02-08 03:53:00
363,1,Inception,Sci-Fi,5,2023-04-19 07:06:00
441,4,Forrest Gump,Drama,1,2023-11-20 03:34:00
496,2,Titanic,Romance,4,2023-08-27 00:53:00
41,9,The Godfather,Crime,2,2023-04-17 05:06:00
182,3,The Dark Knight,Action,2,2023-11-18 01:37:00
193,10,Interstellar,Sci-Fi,5,2023-03-23 01:46:00
488,9,The Godfather,Crime,5,2023-07-01 20:35:00
66,10,Interstellar,Sci-Fi,3,2023-01-03 13:20:00
253,4,Forrest Gump,Drama,2,2023-05-18 16:15:00
187,1,Inception,Sci-Fi,2,2023-04-24 07:57:00
328,2,Titanic,Romance,3,2023-06-28 08:09:00
11,10,Interstellar,Sci-Fi,2,2023-06-17 22:47:00
398,7,Parasite,Thriller,3,2023-06-06 20:18:00
240,3,The Dark Knight,Action,2,2023-12-01 05:53:00
173,4,Forrest Gump,Drama,2,2023-04-25 07:03:00
319,10,Interstellar,Sci-Fi,2,2023-04-20 11:19:00
186,5,The Matrix,Sci-Fi,2,2023-09-09 20:27:00
50,4,Forrest Gump,Drama,4,2023-10-05 02:53:00
296,8,Joker,Drama,4,2023-12-06 15:07:00
333,5,The Matrix,Sci-Fi,2,2023-09-26 20:17:00
99,1,Inception,Sci-Fi,1,2023-04-06 10:40:00
274,4,Forrest Gump,Drama,3,2023-09-04 01:36:00
15,6,Avengers: Endgame,Action,3,2023-02-25 08:52:00
481,4,Forrest Gump,Drama,4,2023-07-19 10:58:00
94,9,The Godfather,Crime,5,2023-03-21 09:51:00
106,1,Inception,Sci-Fi,1,2023-06-10 23:18:00
180,1,Inception,Sci-Fi,3,2023-02-26 08:21:00
299,3,The Dark Knight,Action,1,2023-08-10 02:22:00
358,3,The Dark Knight,Action,3,2023-04-01 01:15:00
320,10,Interstellar,Sci-Fi,1,2023-12-20 21:51:00
367,3,The Dark Knight,Action,2,2023-07-15 10:20:00
130,3,The Dark Knight,Action,2,2023-05-06 10:05:00
389,4,Forrest Gump,Drama,2,2023-03-18 03:29:00
47,7,Parasite,Thriller,5,2023-08-02 13:28:00
36,2,Titanic,Romance,3,2023-02-27 04:18:00
84,2,Titanic,Romance,3,2023-01-28 07:43:00
174,2,Titanic,Romance,4,2023-12-24 17:10:00
450,5,The Matrix,Sci-Fi,2,2023-10-06 15:10:00
252,2,Titanic,Romance,2,2023-05-01 14:21:00
301,7,Parasite,Thriller,1,2023-06-03 01:43:00
130,5,The Matrix,Sci-Fi,3,2023-10-15 14:15:00
401,8,Joker,Drama,3,2023-06-19 01:29:00
492,7,Parasite,Thriller,2,2023-08-28 10:39:00
99,5,The Matrix,Sci-Fi,4,2023-05-24 15:10:00
494,6,Avengers: Endgame,Action,4,2023-06-12 20:46:00
437,2,Titanic,Romance,4,2023-06-20 06:52:00
17,5,The Matrix,Sci-Fi,2,2023-07-04 09:40:00
299,6,Avengers: Endgame,Action,2,2023-01-17 19:46:00
167,8,Joker,Drama,1,2023-04-12 13:00:00
86,10,Interstellar,Sci-Fi,4,2023-07-23 01:54:00
125,10,Interstellar,Sci-Fi,3,2023-10-05 04:06:00
381,6,Avengers: Endgame,Action,3,2023-03-09 14:16:00
390,7,Parasite,Thriller,5,2023-03-05 15:44:00
367,6,Avengers: Endgame,Action,1,2023-07-04 21:10:00
395,8,Joker,Drama,1,2023-12-18 12:14:00
124,1,Inception,Sci-Fi,4,2023-01-14 09:19:00
221,4,Forrest Gump,Drama,1,2023-05-09 03:39:00
461,5,The Matrix,Sci-Fi,5,2023-06-08 02:25:00
201,3,The Dark Knight,Action,3,2023-06-21 11:34:00
447,5,The Matrix,Sci-Fi,4,2023-05-08 00:49:00
336,7,Parasite,Thriller,4,2023-07-21 00:04:00
244,8,Joker,Drama,2,2023-08-20 02:58:00
252,3,The Dark Knight,Action,1,2023-03-02 10:23:00
109,6,Avengers: Endgame,Action,5,2023-02-21 19:07:00
246,2,Titanic,Romance,2,2023-12-03 23:32:00
148,8,Joker,Drama,5,2023-03-21 06:44:00
158,4,Forrest Gump,Drama,2,2023-11-01 02:40:00
231,9,The Godfather,Crime,1,2023-01-16 14:29:00
262,1,Inception,Sci-Fi,4,2023-05-15 11:15:00
491,7,Parasite,Thriller,2,2023-09-28 20:51:00
339,7,Parasite,Thriller,2,2023-06-01 20:43:00
307,9,The Godfather,Crime,2,2023-07-17 17:03:00
383,2,Titanic,Romance,1,2023-03-21 06:06:00
300,7,Parasite,Thriller,2,2023-09-17 03:24:00
388,1,Inception,Sci-Fi,3,2023-02-16 09:02:00
105,3,The Dark Knight,Action,5,2023-03-08 00:39:00
204,8,Joker,Drama,5,2023-02-18 04:54:00
362,4,Forrest Gump,Drama,4,2023-02-26 15:54:00
451,7,Parasite,Thriller,1,2023-02-15 02:53:00
375,1,Inception,Sci-Fi,1,2023-12-21 14:17:00
247,2,Titanic,Romance,3,2023-02-15 21:55:00
332,4,Forrest Gump,Drama,1,2023-01-22 17:41:00
417,9,The Godfather,Crime,5,2023-10-05 11:44:00
59,4,Forrest Gump,Drama,3,2023-02-08 22:38:00
15,2,Titanic,Romance,2,2023-01-10 17:22:00
488,10,Interstellar,Sci-Fi,4,2023-04-17 13:00:00
230,10,Interstellar,Sci-Fi,2,2023-06-06 18:26:00
171,1,Inception,Sci-Fi,4,2023-12-02 01:51:00
500,6,Avengers: Endgame,Action,4,2023-08-17 23:15:00
387,3,The Dark Knight,Action,4,2023-05-20 06:56:00
314,4,Forrest Gump,Drama,4,2023-05-16 13:00:00
134,7,Parasite,Thriller,5,2023-04-13 21:05:00
60,8,Joker,Drama,5,2023-08-16 20:23:00
70,8,Joker,Drama,1,2023-04-02 12:27:00
195,9,The Godfather,Crime,1,2023-12-24 06:18:00
424,4,Forrest Gump,Drama,2,2023-01-15 19:15:00
337,6,Avengers: Endgame,Action,2,2023-06-18 10:45:00
103,7,Parasite,Thriller,3,2023-01-20 14:21:00
246,9,The Godfather,Crime,2,2023-07-28 10:02:00
296,6,Avengers: Endgame,Action,1,2023-07-01 10:52:00
84,3,The Dark Knight,Action,1,2023-09-11 12:01:00
336,9,The Godfather,Crime,3,2023-08-06 11:57:00
451,7,Parasite,Thriller,4,2023-08-16 10:57:00
468,9,The Godfather,Crime,3,2023-01-05 06:04:00
154,4,Forrest Gump,Drama,2,2023-09-15 00:33:00
396,1,Inception,Sci-Fi,1,2023-03-02 14:21:00
332,5,The Matrix,Sci-Fi,2,2023-03-03 23:02:00
153,5,The Matrix,Sci-Fi,2,2023-08-27 16:53:00
125,6,Avengers: Endgame,Action,5,2023-04-11 07:44:00
452,10,Interstellar,Sci-Fi,5,2023-09-03 09:06:00
176,6,Avengers: Endgame,Action,5,2023-08-15 07:53:00
271,9,The Godfather,Crime,2,2023-11-20 23:59:00
497,9,The Godfather,Crime,2,2023-10-16 13:23:00
149,8,Joker,Drama,2,2023-05-26 03:14:00
495,8,Joker,Drama,4,2023-09-20 03:25:00
161,5,The Matrix,Sci-Fi,1,2023-02-25 00:39:00
46,6,Avengers: Endgame,Action,5,2023-04-16 16:32:00
383,2,Titanic,Romance,3,2023-06-10 09:44:00
195,3,The Dark Knight,Action,2,2023-11-16 17:50:00
377,9,The Godfather,Crime,5,2023-06-17 05:11:00
276,1,Inception,Sci-Fi,4,2023-05-18 16:55:00
85,2,Titanic,Romance,2,2023-08-25 16:02:00
438,7,Parasite,Thriller,3,2023-03-01 10:12:00
277,3,The Dark Knight,Action,3,2023-06-16 18:48:00
51,4,Forrest Gump,Drama,2,2023-02-05 22:49:00
320,4,Forrest Gump,Drama,2,2023-05-11 22:00:00
129,4,Forrest Gump,Drama,1,2023-06-03 05:46:00
26,8,Joker,Drama,2,2023-05-13 18:41:00
7,5,The Matrix,Sci-Fi,2,2023-09-02 11:52:00
329,1,Inception,Sci-Fi,2,2023-01-28 04:56:00
327,4,Forrest Gump,Drama,3,2023-07-18 15:38:00
140,6,Avengers: Endgame,Action,1,2023-06-03 18:55:00
387,7,Parasite,Thriller,1,2023-12-16 03:44:00
332,4,Forrest Gump,Drama,3,2023-11-23 16:00:00
288,4,Forrest Gump,Drama,2,2023-05-13 10:44:00
320,2,Titanic,Romance,2,2023-01-26 08:10:00
243,3,The Dark Knight,Action,3,2023-04-15 22:40:00
302,2,Titanic,Romance,3,2023-08-07 22:18:00
435,2,Titanic,Romance,3,2023-10-22 08:07:00
277,7,Parasite,Thriller,3,2023-06-16 17:51:00
327,8,Joker,Drama,5,2023-02-01 23:12:00
146,8,Joker,Drama,4,2023-04-16 05:15:00
222,4,Forrest Gump,Drama,4,2023-06-22 12:08:00
365,5,The Matrix,Sci-Fi,5,2023-08-01 23:57:00
491,6,Avengers: Endgame,Action,5,2023-01-26 01:37:00
274,7,Parasite,Thriller,1,2023-09-05 03:30:00
23,9,The Godfather,Crime,3,2023-11-10 15:20:00
45,9,The Godfather,Crime,2,2023-05-04 18:34:00
277,9,The Godfather,Crime,3,2023-05-27 07:06:00
88,4,Forrest Gump,Drama,2,2023-09-01 04:12:00
460,2,Titanic,Romance,1,2023-05-02 14:48:00
318,3,The Dark Knight,Action,1,2023-12-17 09:00:00
256,5,The Matrix,Sci-Fi,1,2023-05-26 03:05:00
85,2,Titanic,Romance,3,2023-05-25 19:32:00
426,7,Parasite,Thriller,4,2023-05-28 11:30:00
406,10,Interstellar,Sci-Fi,5,2023-11-17 14:04:00
210,5,The Matrix,Sci-Fi,5,2023-09-12 17:34:00
54,9,The Godfather,Crime,5,2023-08-22 19:26:00
200,4,Forrest Gump,Drama,1,2023-02-03 06:49:00
135,1,Inception,Sci-Fi,3,2023-06-10 18:25:00
498,8,Joker,Drama,1,2023-10-15 04:44:00
179,7,Parasite,Thriller,4,2023-08-26 12:56:00
495,10,Interstellar,Sci-Fi,2,2023-03-21 22:38:00
145,10,Interstellar,Sci-Fi,2,2023-07-08 08:06:00
318,10,Interstellar,Sci-Fi,5,2023-04-16 01:03:00
325,2,Titanic,Romance,3,2023-01-14 03:15:00
288,7,Parasite,Thriller,4,2023-05-10 10:00:00
293,3,The Dark Knight,Action,4,2023-05-04 03:14:00
281,5,The Matrix,Sci-Fi,4,2023-08-05 12:30:00
23,6,Avengers: Endgame,Action,1,2023-01-25 15:02:00
165,3,The Dark Knight,Action,2,2023-08-22 17:53:00
167,3,The Dark Knight,Action,5,2023-05-28 07:36:00
106,3,The Dark Knight,Action,4,2023-08-14 02:24:00
72,8,Joker,Drama,1,2023-07-24 22:37:00
322,2,Titanic,Romance,5,2023-07-19 12:44:00
462,6,Avengers: Endgame,Action,2,2023-01-11 01:54:00
61,1,Inception,Sci-Fi,3,2023-09-08 09:27:00
444,6,Avengers: Endgame,Action,2,2023-10-04 00:57:00
41,7,Parasite,Thriller,3,2023-07-04 16:43:00
333,1,Inception,Sci-Fi,2,2023-02-17 08:45:00
33,2,Titanic,Romance,4,2023-12-21 20:20:00
329,9,The Godfather,Crime,1,2023-05-19 06:02:00
443,5,The Matrix,Sci-Fi,2,2023-09-17 08:02:00
333,6,Avengers: Endgame,Action,4,2023-07-20 18:41:00
260,4,Forrest Gump,Drama,1,2023-01-04 13:31:00
342,3,The Dark Knight,Action,2,2023-05-15 19:09:00
321,2,Titanic,Romance,1,2023-04-27 13:50:00
253,7,Parasite,Thriller,1,2023-09-04 03:31:00
257,5,The Matrix,Sci-Fi,2,2023-01-27 16:52:00
228,1,Inception,Sci-Fi,5,2023-08-10 19:40:00
338,5,The Matrix,Sci-Fi,2,2023-03-02 21:32:00
414,1,Inception,Sci-Fi,4,2023-05-16 19:05:00
474,2,Titanic,Romance,5,2023-04-23 12:31:00
296,3,The Dark Knight,Action,4,2023-02-22 16:45:00
175,10,Interstellar,Sci-Fi,5,2023-09-02 06:18:00
20,8,Joker,Drama,2,2023-02-07 09:33:00
40,8,Joker,Drama,1,2023-09-06 05:03:00
138,1,Inception,Sci-Fi,4,2023-05-25 10:53:00
394,9,The Godfather,Crime,5,2023-08-27 13:06:00
317,9,The Godfather,Crime,2,2023-03-22 10:05:00
237,6,Avengers: Endgame,Action,4,2023-07-13 09:18:00
25,10,Interstellar,Sci-Fi,5,2023-02-11 05:29:00
182,10,Interstellar,Sci-Fi,3,2023-03-14 01:57:00
6,4,Forrest Gump,Drama,4,2023-05-25 22:23:00
456,5,The Matrix,Sci-Fi,5,2023-10-27 11:32:00
173,4,Forrest Gump,Drama,5,2023-01-03 15:21:00
248,4,Forrest Gump,Drama,3,2023-03-21 05:42:00
209,4,Forrest Gump,Drama,3,2023-02-18 19:18:00
436,6,Avengers: Endgame,Action,2,2023-12-17 09:34:00
274,5,The Matrix,Sci-Fi,4,2023-04-23 12:29:00
299,8,Joker,Drama,1,2023-04-08 20:19:00
48,5,The Matrix,Sci-Fi,2,2023-02-26 05:52:00
254,1,Inception,Sci-Fi,5,2023-10-10 15:07:00
200,8,Joker,Drama,3,2023-02-18 03:02:00
62,10,Interstellar,Sci-Fi,4,2023-10-07 08:29:00
56,5,The Matrix,Sci-Fi,5,2023-10-14 18:16:00
271,8,Joker,Drama,2,2023-07-08 09:35:00
234,1,Inception,Sci-Fi,1,2023-11-08 11:56:00
495,2,Titanic,Romance,3,2023-06-22 17:10:00
254,6,Avengers: Endgame,Action,4,2023-02-16 02:33:00
400,8,Joker,Drama,4,2023-07-02 11:19:00
314,1,Inception,Sci-Fi,4,2023-03-16 12:06:00
460,2,Titanic,Romance,1,2023-01-09 23:52:00
368,10,Interstellar,Sci-Fi,3,2023-10-23 11:12:00
175,1,Inception,Sci-Fi,3,2023-08-01 19:48:00
132,1,Inception,Sci-Fi,2,2023-07-03 12:23:00
45,3,The Dark Knight,Action,5,2023-03-22 21:50:00
151,1,Inception,Sci-Fi,3,2023-08-01 14:43:00
181,10,Interstellar,Sci-Fi,1,2023-10-10 08:03:00
369,3,The Dark Knight,Action,1,2023-12-09 09:31:00
109,2,Titanic,Romance,2,2023-08-27 07:51:00
46,6,Avengers: Endgame,Action,5,2023-12-12 06:20:00
412,8,Joker,Drama,2,2023-08-08 22:11:00
189,6,Avengers: Endgame,Action,2,2023-03-28 11:08:00
498,2,Titanic,Romance,5,2023-06-28 07:07:00
291,3,The Dark Knight,Action,3,2023-08-25 18:21:00
241,3,The Dark Knight,Action,3,2023-05-01 23:09:00
108,3,The Dark Knight,Action,5,2023-01-07 16:45:00
129,10,Interstellar,Sci-Fi,4,2023-06-10 00:51:00
181,1,Inception,Sci-Fi,3,2023-07-16 15:58:00
350,5,The Matrix,Sci-Fi,1,2023-04-05 18:22:00
108,1,Inception,Sci-Fi,4,2023-07-18 09:26:00
386,3,The Dark Knight,Action,3,2023-05-19 01:03:00
476,2,Titanic,Romance,1,2023-01-25 18:49:00
93,10,Interstellar,Sci-Fi,5,2023-04-14 09:46:00
469,4,Forrest Gump,Drama,1,2023-05-21 21:31:00
441,3,The Dark Knight,Action,2,2023-08-07 04:34:00
18,4,Forrest Gump,Drama,4,2023-09-03 08:56:00
149,6,Avengers: Endgame,Action,3,2023-05-12 06:43:00
484,10,Interstellar,Sci-Fi,4,2023-03-21 02:50:00
136,5,The Matrix,Sci-Fi,5,2023-06-03 13:51:00
296,7,Parasite,Thriller,5,2023-10-02 03:09:00
115,10,Interstellar,Sci-Fi,4,2023-10-23 06:46:00
60,10,Interstellar,Sci-Fi,5,2023-10-12 05:15:00
378,1,Inception,Sci-Fi,1,2023-02-09 09:24:00
472,4,Forrest Gump,Drama,2,2023-02-21 00:09:00
153,1,Inception,Sci-Fi,4,2023-08-10 05:52:00
495,1,Inception,Sci-Fi,3,2023-03-28 19:41:00
125,4,Forrest Gump,Drama,4,2023-09-26 14:33:00
94,1,Inception,Sci-Fi,1,2023-05-09 19:08:00
255,9,The Godfather,Crime,5,2023-03-28 07:23:00
339,3,The Dark Knight,Action,5,2023-01-24 15:29:00
496,7,Parasite,Thriller,5,2023-04-08 13:35:00
424,1,Inception,Sci-Fi,2,2023-02-11 15:13:00
72,7,Parasite,Thriller,1,2023-03-03 13:17:00
24,4,Forrest Gump,Drama,5,2023-11-05 00:10:00
305,5,The Matrix,Sci-Fi,3,2023-04-20 09:02:00
242,7,Parasite,Thriller,2,2023-02-06 05:36:00
366,1,Inception,Sci-Fi,3,2023-10-08 10:33:00
429,8,Joker,Drama,1,2023-07-05 13:29:00
215,7,Parasite,Thriller,3,2023-04-09 07:39:00
229,3,The Dark Knight,Action,1,2023-07-01 10:57:00
155,1,Inception,Sci-Fi,4,2023-07-27 21:32:00
137,2,Titanic,Romance,3,2023-06-11 18:45:00
395,10,Interstellar,Sci-Fi,1,2023-01-09 00:24:00
393,4,Forrest Gump,Drama,5,2023-01-06 08:25:00
6,4,Forrest Gump,Drama,4,2023-02-12 18:47:00
173,6,Avengers: Endgame,Action,2,2023-02-02 21:41:00
482,8,Joker,Drama,2,2023-07-20 02:07:00
412,2,Titanic,Romance,4,2023-03-24 14:39:00
130,3,The Dark Knight,Action,5,2023-02-15 08:29:00
407,2,Titanic,Romance,2,2023-11-02 07:45:00
312,5,The Matrix,Sci-Fi,2,2023-12-12 10:37:00
135,1,Inception,Sci-Fi,4,2023-08-01 13:20:00
357,4,Forrest Gump,Drama,3,2023-02-23 06:19:00
496,4,Forrest Gump,Drama,3,2023-07-27 07:41:00
177,10,Interstellar,Sci-Fi,2,2023-10-04 16:49:00
134,4,Forrest Gump,Drama,5,2023-06-03 18:48:00
29,1,Inception,Sci-Fi,5,2023-01-01 07:27:00
340,3,The Dark Knight,Action,2,2023-07-03 05:03:00
365,5,The Matrix,Sci-Fi,1,2023-01-16 01:24:00
283,9,The Godfather,Crime,5,2023-07-16 19:33:00
337,5,The Matrix,Sci-Fi,4,2023-11-14 18:47:00
285,5,The Matrix,Sci-Fi,5,2023-07-21 07:10:00
402,6,Avengers: Endgame,Action,4,2023-09-25 00:26:00
170,9,The Godfather,Crime,1,2023-06-23 16:57:00
467,4,Forrest Gump,Drama,5,2023-04-20 09:33:00
385,9,The Godfather,Crime,4,2023-11-04 22:32:00
457,10,Interstellar,Sci-Fi,5,2023-10-27 19:27:00
455,2,Titanic,Romance,5,2023-02-08 09:36:00
452,2,Titanic,Romance,1,2023-08-23 20:15:00
158,7,Parasite,Thriller,1,2023-05-24 08:16:00
137,8,Joker,Drama,3,2023-04-05 22:53:00
371,3,The Dark Knight,Action,3,2023-02-19 14:45:00
28,1,Inception,Sci-Fi,5,2023-06-10 12:58:00
103,8,Joker,Drama,3,2023-12-13 12:49:00
253,9,The Godfather,Crime,5,2023-08-16 02:53:00
408,8,Joker,Drama,4,2023-09-22 10:24:00
479,1,Inception,Sci-Fi,2,2023-03-27 20:39:00
4,4,Forrest Gump,Drama,2,2023-05-19 23:23:00
381,7,Parasite,Thriller,3,2023-10-08 17:18:00
131,10,Interstellar,Sci-Fi,5,2023-05-03 14:40:00
357,1,Inception,Sci-Fi,3,2023-02-07 03:21:00
282,10,Interstellar,Sci-Fi,2,2023-05-16 03:44:00
360,10,Interstellar,Sci-Fi,2,2023-01-13 15:26:00
137,9,The Godfather,Crime,5,2023-08-12 13:57:00
273,8,Joker,Drama,3,2023-10-08 18:07:00
436,3,The Dark Knight,Action,5,2023-02-18 16:30:00
255,4,Forrest Gump,Drama,5,2023-05-02 20:57:00
75,10,Interstellar,Sci-Fi,5,2023-10-11 15:32:00
255,8,Joker,Drama,5,2023-11-25 17:28:00
40,1,Inception,Sci-Fi,1,2023-09-23 02:43:00
199,6,Avengers: Endgame,Action,2,2023-12-19 01:37:00
396,10,Interstellar,Sci-Fi,5,2023-08-03 05:26:00
205,9,The Godfather,Crime,1,2023-07-28 19:53:00
425,1,Inception,Sci-Fi,2,2023-05-27 00:44:00
313,6,Avengers: Endgame,Action,2,2023-04-06 12:23:00
298,5,The Matrix,Sci-Fi,2,2023-06-14 18:54:00
491,5,The Matrix,Sci-Fi,3,2023-11-15 18:36:00
266,2,Titanic,Romance,2,2023-07-07 18:01:00
8,5,The Matrix,Sci-Fi,5,2023-05-18 14:06:00
22,8,Joker,Drama,4,2023-04-23 03:10:00
305,3,The Dark Knight,Action,5,2023-11-10 03:01:00
477,8,Joker,Drama,1,2023-10-28 18:53:00
128,3,The Dark Knight,Action,4,2023-09-19 08:07:00
213,4,Forrest Gump,Drama,1,2023-07-15 16:29:00
496,3,The Dark Knight,Action,2,2023-08-16 20:27:00
409,1,Inception,Sci-Fi,2,2023-04-28 05:37:00
72,4,Forrest Gump,Drama,2,2023-10-11 03:22:00
174,8,Joker,Drama,4,2023-04-06 02:36:00
51,3,The Dark Knight,Action,5,2023-09-11 23:28:00
411,5,The Matrix,Sci-Fi,1,2023-12-11 05:37:00
151,6,Avengers: Endgame,Action,5,2023-12-17 17:39:00
340,8,Joker,Drama,5,2023-10-27 10:28:00
297,1,Inception,Sci-Fi,2,2023-10-08 10:14:00
371,10,Interstellar,Sci-Fi,3,2023-04-19 12:11:00
384,4,Forrest Gump,Drama,1,2023-02-08 20:52:00
304,4,Forrest Gump,Drama,1,2023-05-03 14:51:00
86,9,The Godfather,Crime,5,2023-10-09 09:45:00
72,4,Forrest Gump,Drama,5,2023-07-18 01:15:00
314,1,Inception,Sci-Fi,1,2023-09-05 14:47:00
444,9,The Godfather,Crime,3,2023-10-25 04:08:00
192,6,Avengers: Endgame,Action,1,2023-05-24 22:51:00
295,5,The Matrix,Sci-Fi,1,2023-09-25 20:02:00
500,7,Parasite,Thriller,5,2023-02-01 06:22:00
341,10,Interstellar,Sci-Fi,3,2023-11-23 05:02:00
93,4,Forrest Gump,Drama,3,2023-12-28 21:36:00
235,6,Avengers: Endgame,Action,1,2023-10-25 21:19:00
431,8,Joker,Drama,4,2023-06-04 14:30:00
460,4,Forrest Gump,Drama,4,2023-12-27 23:25:00
248,9,The Godfather,Crime,4,2023-09-02 01:36:00
64,10,Interstellar,Sci-Fi,1,2023-08-03 23:56:00
415,9,The Godfather,Crime,2,2023-06-22 14:43:00
422,6,Avengers: Endgame,Action,3,2023-04-10 22:23:00
197,7,Parasite,Thriller,3,2023-11-10 04:49:00
292,9,The Godfather,Crime,1,2023-08-05 06:26:00
176,3,The Dark Knight,Action,3,2023-03-03 01:25:00
366,1,Inception,Sci-Fi,5,2023-03-12 03:39:00
497,6,Avengers: Endgame,Action,3,2023-10-21 22:29:00
484,9,The Godfather,Crime,4,2023-03-28 09:30:00
42,3,The Dark Knight,Action,3,2023-10-12 07:33:00
427,10,Interstellar,Sci-Fi,3,2023-01-08 07:29:00
197,1,Inception,Sci-Fi,1,2023-06-08 03:11:00
256,6,Avengers: Endgame,Action,3,2023-08-06 11:24:00
234,2,Titanic,Romance,1,2023-06-05 14:01:00
124,2,Titanic,Romance,2,2023-04-02 01:58:00
156,5,The Matrix,Sci-Fi,4,2023-12-09 23:51:00
432,8,Joker,Drama,2,2023-05-06 07:12:00
185,8,Joker,Drama,4,2023-11-13 05:06:00
344,10,Interstellar,Sci-Fi,2,2023-08-21 06:59:00
82,3,The Dark Knight,Action,1,2023-04-05 17:55:00
310,10,Interstellar,Sci-Fi,4,2023-10-20 17:36:00
16,1,Inception,Sci-Fi,5,2023-05-18 20:57:00
220,1,Inception,Sci-Fi,5,2023-05-28 04:31:00
162,8,Joker,Drama,1,2023-11-07 07:00:00
139,6,Avengers: Endgame,Action,2,2023-10-12 18:13:00
302,9,The Godfather,Crime,3,2023-12-07 08:06:00
168,8,Joker,Drama,3,2023-03-23 03:13:00
160,3,The Dark Knight,Action,2,2023-02-15 06:45:00
60,4,Forrest Gump,Drama,3,2023-10-03 10:03:00
354,10,Interstellar,Sci-Fi,5,2023-11-17 18:22:00
14,4,Forrest Gump,Drama,5,2023-11-09 12:52:00
1,9,The Godfather,Crime,2,2023-03-09 06:34:00
205,2,Titanic,Romance,2,2023-06-03 14:01:00
257,10,Interstellar,Sci-Fi,2,2023-12-09 09:46:00
277,9,The Godfather,Crime,5,2023-03-16 21:43:00
212,8,Joker,Drama,3,2023-03-01 05:41:00
125,9,The Godfather,Crime,3,2023-03-12 05:07:00
293,6,Avengers: Endgame,Action,1,2023-11-14 03:04:00
461,8,Joker,Drama,4,2023-01-18 14:14:00
161,6,Avengers: Endgame,Action,2,2023-02-23 17:22:00
399,3,The Dark Knight,Action,5,2023-04-05 14:10:00
67,2,Titanic,Romance,4,2023-01-01 03:59:00
201,3,The Dark Knight,Action,5,2023-12-14 02:47:00
210,8,Joker,Drama,1,2023-09-27 04:41:00
270,10,Interstellar,Sci-Fi,1,2023-05-15 17:43:00
201,5,The Matrix,Sci-Fi,1,2023-04-22 23:03:00
412,3,The Dark Knight,Action,5,2023-12-17 14:49:00
480,9,The Godfather,Crime,1,2023-08-09 04:31:00
384,9,The Godfather,Crime,3,2023-10-01 23:21:00
23,7,Parasite,Thriller,2,2023-06-25 16:50:00
159,2,Titanic,Romance,4,2023-09-24 03:05:00
303,1,Inception,Sci-Fi,1,2023-03-12 15:04:00
158,3,The Dark Knight,Action,5,2023-02-24 11:11:00
159,8,Joker,Drama,1,2023-09-03 00:36:00
81,6,Avengers: Endgame,Action,5,2023-04-04 03:20:00
402,3,The Dark Knight,Action,1,2023-10-27 08:34:00
62,2,Titanic,Romance,4,2023-11-09 21:58:00
106,7,Parasite,Thriller,2,2023-01-12 11:40:00
72,5,The Matrix,Sci-Fi,5,2023-02-17 20:53:00
335,1,Inception,Sci-Fi,2,2023-01-02 02:43:00
66,2,Titanic,Romance,1,2023-09-03 15:01:00
30,7,Parasite,Thriller,2,2023-04-23 19:41:00
115,6,Avengers: Endgame,Action,3,2023-03-12 18:14:00
161,8,Joker,Drama,2,2023-06-25 13:57:00
73,8,Joker,Drama,4,2023-06-21 14:50:00
229,6,Avengers: Endgame,Action,2,2023-02-12 19:41:00
327,7,Parasite,Thriller,3,2023-11-04 12:34:00
103,1,Inception,Sci-Fi,2,2023-03-10 04:34:00
39,6,Avengers: Endgame,Action,3,2023-10-15 03:32:00
67,10,Interstellar,Sci-Fi,3,2023-01-26 22:16:00
423,5,The Matrix,Sci-Fi,1,2023-02-21 05:53:00
158,3,The Dark Knight,Action,5,2023-06-14 13:39:00
216,1,Inception,Sci-Fi,1,2023-11-07 23:05:00
112,4,Forrest Gump,Drama,3,2023-05-07 10:20:00
487,5,The Matrix,Sci-Fi,2,2023-03-06 01:49:00
170,6,Avengers: Endgame,Action,1,2023-08-24 17:39:00
341,7,Parasite,Thriller,4,2023-07-23 18:16:00
353,4,Forrest Gump,Drama,2,2023-10-23 04:50:00
58,7,Parasite,Thriller,1,2023-05-15 08:14:00
280,8,Joker,Drama,4,2023-10-17 16:56:00
131,5,The Matrix,Sci-Fi,3,2023-04-26 09:31:00
301,2,Titanic,Romance,2,2023-07-01 13:45:00
381,8,Joker,Drama,2,2023-11-13 10:28:00
453,6,Avengers: Endgame,Action,5,2023-05-19 13:41:00
17,8,Joker,Drama,3,2023-07-20 23:31:00
470,2,Titanic,Romance,1,2023-08-10 01:44:00
397,1,Inception,Sci-Fi,1,2023-05-12 04:22:00
302,5,The Matrix,Sci-Fi,5,2023-11-25 07:26:00
302,7,Parasite,Thriller,3,2023-01-15 18:50:00
423,7,Parasite,Thriller,5,2023-09-11 05:55:00
3,8,Joker,Drama,2,2023-09-08 12:18:00
308,5,The Matrix,Sci-Fi,5,2023-11-08 10:25:00
110,3,The Dark Knight,Action,3,2023-09-23 06:26:00
354,2,Titanic,Romance,3,2023-06-17 22:30:00
268,5,The Matrix,Sci-Fi,3,2023-11-25 16:30:00
234,3,The Dark Knight,Action,4,2023-11-19 10:05:00
23,7,Parasite,Thriller,4,2023-12-05 22:27:00
249,1,Inception,Sci-Fi,5,2023-05-20 12:45:00
218,1,Inception,Sci-Fi,2,2023-11-13 19:53:00
132,3,The Dark Knight,Action,3,2023-09-28 16:09:00
207,9,The Godfather,Crime,4,2023-07-26 01:13:00
318,5,The Matrix,Sci-Fi,4,2023-12-13 03:36:00
244,1,Inception,Sci-Fi,5,2023-02-19 04:57:00
151,1,Inception,Sci-Fi,1,2023-11-21 10:01:00
400,3,The Dark Knight,Action,5,2023-02-25 23:00:00
125,5,The Matrix,Sci-Fi,3,2023-06-20 06:51:00
348,5,The Matrix,Sci-Fi,2,2023-09-18 05:04:00
167,1,Inception,Sci-Fi,4,2023-09-12 08:33:00
189,3,The Dark Knight,Action,2,2023-01-26 19:33:00
310,3,The Dark Knight,Action,1,2023-09-22 07:44:00
303,5,The Matrix,Sci-Fi,2,2023-10-22 14:22:00
420,9,The Godfather,Crime,1,2023-10-09 22:26:00
456,7,Parasite,Thriller,4,2023-06-17 05:57:00
288,8,Joker,Drama,5,2023-08-19 21:41:00
139,5,The Matrix,Sci-Fi,5,2023-06-11 11:44:00
12,9,The Godfather,Crime,1,2023-06-07 08:38:00
6,9,The Godfather,Crime,4,2023-02-10 06:37:00
359,2,Titanic,Romance,1,2023-01-18 05:09:00
72,1,Inception,Sci-Fi,1,2023-06-11 20:42:00
88,9,The Godfather,Crime,2,2023-10-25 00:25:00
174,10,Interstellar,Sci-Fi,2,2023-05-16 18:56:00
372,10,Interstellar,Sci-Fi,3,2023-11-15 01:14:00
157,1,Inception,Sci-Fi,4,2023-12-20 16:01:00
70,1,Inception,Sci-Fi,2,2023-05-25 01:47:00
359,8,Joker,Drama,4,2023-02-15 09:59:00
453,2,Titanic,Romance,5,2023-06-08 18:39:00
382,2,Titanic,Romance,5,2023-02-01 06:23:00
259,1,Inception,Sci-Fi,4,2023-05-22 05:45:00
10,4,Forrest Gump,Drama,3,2023-07-08 15:46:00
147,7,Parasite,Thriller,3,2023-09-19 23:58:00
267,3,The Dark Knight,Action,3,2023-02-19 16:09:00
359,3,The Dark Knight,Action,3,2023-01-10 08:22:00
178,5,The Matrix,Sci-Fi,3,2023-03-17 21:50:00
20,4,Forrest Gump,Drama,3,2023-05-18 18:03:00
243,5,The Matrix,Sci-Fi,2,2023-12-17 13:42:00
110,6,Avengers: Endgame,Action,1,2023-03-15 13:55:00
366,7,Parasite,Thriller,1,2023-12-13 16:52:00
139,5,The Matrix,Sci-Fi,3,2023-04-04 14:28:00
192,10,Interstellar,Sci-Fi,4,2023-10-28 00:32:00
282,10,Interstellar,Sci-Fi,5,2023-03-25 16:54:00
323,9,The Godfather,Crime,1,2023-09-05 07:30:00
232,10,Interstellar,Sci-Fi,5,2023-12-03 22:03:00
347,3,The Dark Knight,Action,5,2023-02-26 09:42:00
239,3,The Dark Knight,Action,4,2023-11-28 01:19:00
201,10,Interstellar,Sci-Fi,4,2023-12-14 18:27:00
436,3,The Dark Knight,Action,1,2023-02-08 04:25:00
116,4,Forrest Gump,Drama,2,2023-06-19 19:45:00
211,3,The Dark Knight,Action,3,2023-03-22 23:01:00
101,3,The Dark Knight,Action,4,2023-12-17 21:55:00
358,3,The Dark Knight,Action,1,2023-12-25 16:04:00
232,5,The Matrix,Sci-Fi,3,2023-01-16 06:02:00
98,4,Forrest Gump,Drama,1,2023-01-12 16:18:00
354,8,Joker,Drama,4,2023-03-07 11:31:00
158,3,The Dark Knight,Action,4,2023-01-19 18:20:00
66,6,Avengers: Endgame,Action,2,2023-06-01 05:12:00
336,10,Interstellar,Sci-Fi,2,2023-12-17 07:17:00
493,7,Parasite,Thriller,5,2023-05-28 18:25:00
12,5,The Matrix,Sci-Fi,1,2023-09-11 01:37:00
478,5,The Matrix,Sci-Fi,4,2023-09-12 07:27:00
186,1,Inception,Sci-Fi,3,2023-02-10 04:34:00
50,8,Joker,Drama,1,2023-03-09 00:44:00
90,8,Joker,Drama,5,2023-03-23 05:53:00
167,10,Interstellar,Sci-Fi,1,2023-07-17 12:24:00
350,7,Parasite,Thriller,2,2023-11-24 00:45:00
368,3,The Dark Knight,Action,3,2023-08-23 13:02:00
8,9,The Godfather,Crime,2,2023-08-07 21:42:00
197,4,Forrest Gump,Drama,2,2023-12-19 11:04:00
273,4,Forrest Gump,Drama,4,2023-05-04 01:52:00
291,3,The Dark Knight,Action,2,2023-08-10 10:42:00
211,8,Joker,Drama,1,2023-07-21 06:03:00
266,6,Avengers: Endgame,Action,4,2023-08-22 16:51:00
132,10,Interstellar,Sci-Fi,2,2023-03-05 01:11:00
350,2,Titanic,Romance,4,2023-02-10 21:02:00
418,4,Forrest Gump,Drama,2,2023-12-27 15:17:00
142,10,Interstellar,Sci-Fi,4,2023-03-08 00:29:00
483,9,The Godfather,Crime,2,2023-07-12 09:43:00
341,7,Parasite,Thriller,5,2023-10-27 12:01:00
460,9,The Godfather,Crime,3,2023-12-13 23:33:00
322,7,Parasite,Thriller,1,2023-05-16 09:05:00
382,4,Forrest Gump,Drama,2,2023-03-28 01:42:00
162,9,The Godfather,Crime,3,2023-01-16 14:31:00
439,2,Titanic,Romance,2,2023-02-23 20:20:00
449,9,The Godfather,Crime,4,2023-03-21 12:44:00
277,4,Forrest Gump,Drama,5,2023-08-01 01:20:00
69,8,Joker,Drama,3,2023-11-23 07:57:00
161,3,The Dark Knight,Action,3,2023-05-11 07:52:00
242,7,Parasite,Thriller,5,2023-03-22 15:01:00
450,9,The Godfather,Crime,3,2023-02-28 17:07:00
226,9,The Godfather,Crime,4,2023-04-27 20:01:00
24,10,Interstellar,Sci-Fi,1,2023-06-06 14:21:00
301,10,Interstellar,Sci-Fi,4,2023-07-05 19:36:00
68,7,Parasite,Thriller,4,2023-07-11 16:47:00
109,8,Joker,Drama,3,2023-12-02 08:24:00
435,9,The Godfather,Crime,2,2023-04-14 21:29:00
317,1,Inception,Sci-Fi,2,2023-09-26 18:39:00
357,7,Parasite,Thriller,1,2023-03-15 16:54:00
163,4,Forrest Gump,Drama,1,2023-10-26 20:01:00
380,10,Interstellar,Sci-Fi,4,2023-08-20 11:08:00
119,1,Inception,Sci-Fi,1,2023-07-12 11:53:00
18,7,Parasite,Thriller,4,2023-11-08 01:19:00
69,7,Parasite,Thriller,4,2023-09-12 23:49:00
75,2,Titanic,Romance,2,2023-05-27 03:15:00
419,9,The Godfather,Crime,1,2023-02-08 07:56:00
100,7,Parasite,Thriller,2,2023-10-18 01:36:00
79,2,Titanic,Romance,3,2023-02-19 15:14:00
228,9,The Godfather,Crime,5,2023-05-28 20:56:00
21,4,Forrest Gump,Drama,3,2023-12-05 04:33:00
442,4,Forrest Gump,Drama,3,2023-10-09 12:10:00
293,5,The Matrix,Sci-Fi,5,2023-09-23 08:31:00
457,7,Parasite,Thriller,3,2023-11-05 03:24:00
370,6,Avengers: Endgame,Action,1,2023-05-01 08:46:00
395,9,The Godfather,Crime,4,2023-08-17 06:39:00
60,3,The Dark Knight,Action,2,2023-09-12 05:26:00
93,5,The Matrix,Sci-Fi,4,2023-10-14 08:55:00
462,5,The Matrix,Sci-Fi,3,2023-02-23 16:11:00
215,7,Parasite,Thriller,3,2023-08-02 12:30:00
182,2,Titanic,Romance,1,2023-04-06 18:14:00
107,6,Avengers: Endgame,Action,4,2023-12-07 09:02:00
473,7,Parasite,Thriller,4,2023-08-22 04:06:00
9,3,The Dark Knight,Action,1,2023-08-17 09:22:00
348,2,Titanic,Romance,5,2023-10-10 15:58:00
383,2,Titanic,Romance,3,2023-12-19 00:42:00
127,4,Forrest Gump,Drama,4,2023-03-04 13:37:00
147,4,Forrest Gump,Drama,3,2023-02-28 00:10:00
325,6,Avengers: Endgame,Action,1,2023-05-26 10:43:00
99,6,Avengers: Endgame,Action,4,2023-02-18 08:15:00
476,1,Inception,Sci-Fi,5,2023-11-07 15:16:00
94,10,Interstellar,Sci-Fi,4,2023-12-18 04:07:00
54,8,Joker,Drama,2,2023-08-26 06:49:00
142,7,Parasite,Thriller,3,2023-07-19 13:19:00
347,1,Inception,Sci-Fi,1,2023-12-27 03:57:00
179,5,The Matrix,Sci-Fi,4,2023-11-07 01:38:00
369,1,Inception,Sci-Fi,1,2023-04-24 22:05:00
492,6,Avengers: Endgame,Action,3,2023-01-23 13:19:00
332,9,The Godfather,Crime,2,2023-06-22 20:00:00
442,9,The Godfather,Crime,3,2023-07-06 10:36:00
108,2,Titanic,Romance,5,2023-05-13 07:54:00
367,1,Inception,Sci-Fi,5,2023-09-23 23:59:00
199,5,The Matrix,Sci-Fi,1,2023-04-22 09:26:00
236,8,Joker,Drama,3,2023-04-26 06:19:00
494,4,Forrest Gump,Drama,3,2023-06-20 18:23:00
201,9,The Godfather,Crime,5,2023-11-12 21:07:00
218,4,Forrest Gump,Drama,4,2023-08-02 10:01:00
72,3,The Dark Knight,Action,3,2023-10-15 18:34:00
351,2,Titanic,Romance,3,2023-09-04 12:45:00
368,2,Titanic,Romance,1,2023-10-07 15:47:00
284,7,Parasite,Thriller,4,2023-04-04 17:34:00
270,3,The Dark Knight,Action,4,2023-08-28 04:00:00
291,8,Joker,Drama,1,2023-04-11 20:47:00
139,10,Interstellar,Sci-Fi,4,2023-01-09 23:07:00
100,10,Interstellar,Sci-Fi,5,2023-02-21 06:48:00
221,7,Parasite,Thriller,5,2023-08-06 13:32:00
120,10,Interstellar,Sci-Fi,5,2023-02-13 16:12:00
185,8,Joker,Drama,4,2023-02-19 19:44:00
282,6,Avengers: Endgame,Action,4,2023-11-28 07:07:00
173,3,The Dark Knight,Action,3,2023-10-10 22:40:00
237,3,The Dark Knight,Action,3,2023-09-06 01:38:00
160,7,Parasite,Thriller,2,2023-05-18 02:15:00
56,3,The Dark Knight,Action,3,2023-12-15 16:52:00
274,1,Inception,Sci-Fi,1,2023-03-06 07:48:00
152,2,Titanic,Romance,4,2023-08-22 07:53:00
192,7,Parasite,Thriller,1,2023-06-11 10:13:00
487,6,Avengers: Endgame,Action,4,2023-04-06 06:12:00
59,2,Titanic,Romance,1,2023-08-12 23:00:00
235,3,The Dark Knight,Action,3,2023-10-05 10:55:00
229,10,Interstellar,Sci-Fi,2,2023-02-03 08:56:00
369,2,Titanic,Romance,5,2023-04-23 10:08:00
9,5,The Matrix,Sci-Fi,2,2023-05-01 20:54:00
488,1,Inception,Sci-Fi,1,2023-11-07 10:57:00
44,5,The Matrix,Sci-Fi,1,2023-04-12 19:21:00
97,5,The Matrix,Sci-Fi,5,2023-09-26 05:59:00
123,5,The Matrix,Sci-Fi,1,2023-07-22 21:23:00
359,3,The Dark Knight,Action,3,2023-05-25 20:54:00
377,10,Interstellar,Sci-Fi,5,2023-05-22 20:11:00
300,2,Titanic,Romance,2,2023-10-06 15:13:00
330,5,The Matrix,Sci-Fi,3,2023-11-17 03:10:00
408,6,Avengers: Endgame,Action,5,2023-01-08 00:44:00
455,5,The Matrix,Sci-Fi,2,2023-12-16 07:53:00
432,1,Inception,Sci-Fi,4,2023-02-09 13:49:00
56,3,The Dark Knight,Action,1,2023-02-10 02:57:00
142,9,The Godfather,Crime,2,2023-01-13 15:41:00
177,2,Titanic,Romance,2,2023-12-06 13:31:00
296,3,The Dark Knight,Action,3,2023-06-11 12:55:00
135,3,The Dark Knight,Action,3,2023-10-14 10:10:00
131,7,Parasite,Thriller,2,2023-12-10 13:08:00
140,8,Joker,Drama,3,2023-01-19 07:36:00
104,10,Interstellar,Sci-Fi,1,2023-02-01 21:27:00
267,7,Parasite,Thriller,1,2023-01-20 01:58:00
451,1,Inception,Sci-Fi,1,2023-10-21 10:48:00
208,2,Titanic,Romance,2,2023-10-19 04:23:00
293,3,The Dark Knight,Action,1,2023-11-02 08:25:00
478,6,Avengers: Endgame,Action,3,2023-02-01 01:26:00
225,3,The Dark Knight,Action,1,2023-04-17 07:57:00
375,6,Avengers: Endgame,Action,1,2023-07-06 13:02:00
342,7,Parasite,Thriller,3,2023-12-27 15:25:00
405,9,The Godfather,Crime,2,2023-03-11 03:33:00
369,8,Joker,Drama,1,2023-02-10 12:34:00
16,7,Parasite,Thriller,5,2023-07-17 22:43:00
411,1,Inception,Sci-Fi,5,2023-02-12 01:09:00
134,8,Joker,Drama,4,2023-07-01 18:09:00
382,5,The Matrix,Sci-Fi,2,2023-09-13 17:50:00
437,1,Inception,Sci-Fi,4,2023-11-25 17:00:00
454,3,The Dark Knight,Action,2,2023-01-16 16:52:00
379,5,The Matrix,Sci-Fi,5,2023-11-17 09:35:00
89,4,Forrest Gump,Drama,3,2023-04-08 09:30:00
442,1,Inception,Sci-Fi,4,2023-12-01 02:44:00
80,7,Parasite,Thriller,5,2023-07-05 03:27:00
158,5,The Matrix,Sci-Fi,1,2023-12-23 01:33:00
206,9,The Godfather,Crime,1,2023-10-08 14:52:00
408,2,Titanic,Romance,1,2023-04-04 22:42:00
390,2,Titanic,Romance,5,2023-05-01 04:17:00
396,7,Parasite,Thriller,2,2023-10-13 21:36:00
373,6,Avengers: Endgame,Action,2,2023-02-08 21:04:00
451,10,Interstellar,Sci-Fi,4,2023-09-11 23:00:00
392,6,Avengers: Endgame,Action,2,2023-04-25 13:18:00
89,4,Forrest Gump,Drama,5,2023-02-17 14:44:00
169,10,Interstellar,Sci-Fi,4,2023-04-03 07:15:00
134,8,Joker,Drama,3,2023-08-09 08:52:00
425,7,Parasite,Thriller,2,2023-02-15 15:30:00
389,6,Avengers: Endgame,Action,4,2023-09-05 03:11:00
143,10,Interstellar,Sci-Fi,5,2023-10-04 22:24:00
18,7,Parasite,Thriller,2,2023-12-20 03:49:00
17,5,The Matrix,Sci-Fi,1,2023-03-08 13:18:00
146,5,The Matrix,Sci-Fi,2,2023-06-12 11:08:00
9,8,Joker,Drama,5,2023-05-20 11:14:00
444,4,Forrest Gump,Drama,4,2023-11-04 16:54:00
288,1,Inception,Sci-Fi,5,2023-07-03 09:59:00
162,1,Inception,Sci-Fi,5,2023-07-28 06:19:00
99,6,Avengers: Endgame,Action,1,2023-09-03 01:07:00
141,8,Joker,Drama,4,2023-04-03 16:32:00
15,9,The Godfather,Crime,5,2023-04-12 20:01:00
218,2,Titanic,Romance,3,2023-01-01 04:51:00
14,7,Parasite,Thriller,1,2023-11-01 11:52:00
411,5,The Matrix,Sci-Fi,4,2023-09-26 16:25:00
466,7,Parasite,Thriller,1,2023-10-02 06:12:00
357,4,Forrest Gump,Drama,5,2023-12-02 00:17:00
248,6,Avengers: Endgame,Action,1,2023-11-20 22:51:00
99,2,Titanic,Romance,2,2023-10-09 05:46:00
488,10,Interstellar,Sci-Fi,3,2023-07-02 19:46:00
227,8,Joker,Drama,1,2023-10-11 00:35:00
10,4,Forrest Gump,Drama,5,2023-09-25 16:11:00
463,9,The Godfather,Crime,2,2023-10-22 09:36:00
170,8,Joker,Drama,4,2023-05-08 20:36:00
187,1,Inception,Sci-Fi,5,2023-02-13 05:51:00
150,3,The Dark Knight,Action,4,2023-09-16 22:50:00
371,1,Inception,Sci-Fi,1,2023-01-07 22:46:00
452,5,The Matrix,Sci-Fi,1,2023-02-19 08:49:00
402,10,Interstellar,Sci-Fi,2,2023-01-16 16:18:00
333,9,The Godfather,Crime,3,2023-01-28 12:58:00
366,10,Interstellar,Sci-Fi,3,2023-09-21 05:05:00
50,10,Interstellar,Sci-Fi,5,2023-07-04 10:52:00
381,5,The Matrix,Sci-Fi,4,2023-12-19 09:14:00
136,9,The Godfather,Crime,5,2023-06-16 15:06:00
19,9,The Godfather,Crime,5,2023-07-17 05:43:00
